標號,時間,類型,交易對,金額,資費差,before倉位餘額,after倉位餘額,before現金餘額,after現金餘額,總餘額
1,2025-01-02 08:00:00,進場,ETHWUSDT_binance_bybit,-2500.0,-,0.0,2500.0,10000.0,7500.0,10000.0
2,2025-01-02 08:00:00,進場手續費,ETHWUSDT_binance_bybit,-1.75,-,2500.0,2500.0,7500.0,7498.25,9998.25
2,2025-01-02 08:00:00,進場,POPCATUSDT_binance_bybit,-2500.0,-,2500.0,5000.0,7498.25,4998.25,9998.25
3,2025-01-02 08:00:00,進場手續費,POPCATUSDT_binance_bybit,-1.75,-,5000.0,5000.0,4998.25,4996.5,9996.5
3,2025-01-02 08:00:00,進場,XCNUSDT_binance_bybit,-2500.0,-,5000.0,7500.0,4996.5,2496.5,9996.5
4,2025-01-02 08:00:00,進場手續費,XCNUSDT_binance_bybit,-1.75,-,7500.0,7500.0,2496.5,2494.75,9994.75
4,2025-01-03 08:00:00,資金費率,ETHWUSDT_binance_bybit,0.64,0.00051432,7500.0,7500.0,2494.75,2495.39,9995.39
5,2025-01-03 08:00:00,資金費率,POPCATUSDT_binance_bybit,0.39,0.00031307,7500.0,7500.0,2495.39,2495.78,9995.78
6,2025-01-03 08:00:00,資金費率,XCNUSDT_binance_bybit,3.02,0.00241611,7500.0,7500.0,2495.78,2498.8,9998.8
7,2025-01-04 08:00:00,資金費率,ETHWUSDT_binance_bybit,0.75,0.00060389,7500.0,7500.0,2498.8,2499.56,9999.56
8,2025-01-04 08:00:00,資金費率,POPCATUSDT_binance_bybit,0.01,4.01e-06,7500.0,7500.0,2499.56,2499.56,9999.56
9,2025-01-04 08:00:00,資金費率,XCNUSDT_binance_bybit,0.47,0.00037243,7500.0,7500.0,2499.56,2500.03,10000.03
10,2025-01-04 08:00:00,進場,SAFEUSDT_binance_bybit,-2500.0,-,7500.0,10000.0,2500.03,0.03,10000.03
11,2025-01-04 08:00:00,進場手續費,SAFEUSDT_binance_bybit,-1.75,-,10000.0,10000.0,0.03,-1.72,9998.28
11,2025-01-05 08:00:00,資金費率,ETHWUSDT_binance_bybit,1.23,0.00098262,10000.0,10000.0,-1.72,-0.49,9999.51
12,2025-01-05 08:00:00,資金費率,POPCATUSDT_binance_bybit,0.4,0.00031796,10000.0,10000.0,-0.49,-0.09,9999.91
13,2025-01-05 08:00:00,資金費率,XCNUSDT_binance_bybit,3.38,0.00270378,10000.0,10000.0,-0.09,3.29,10003.29
14,2025-01-05 08:00:00,資金費率,SAFEUSDT_binance_bybit,0.0,0.0,10000.0,10000.0,3.29,3.29,10003.29
15,2025-01-06 08:00:00,資金費率,ETHWUSDT_binance_bybit,0.57,0.00045343,10000.0,10000.0,3.29,3.85,10003.85
16,2025-01-06 08:00:00,資金費率,POPCATUSDT_binance_bybit,0.49,0.00039134,10000.0,10000.0,3.85,4.34,10004.34
17,2025-01-06 08:00:00,資金費率,XCNUSDT_binance_bybit,3.7,0.00295906,10000.0,10000.0,4.34,8.04,10008.04
18,2025-01-06 08:00:00,資金費率,SAFEUSDT_binance_bybit,0.0,0.0,10000.0,10000.0,8.04,8.04,10008.04
19,2025-01-07 08:00:00,資金費率,ETHWUSDT_binance_bybit,1.57,0.00125426,10000.0,10000.0,8.04,9.61,10009.61
20,2025-01-07 08:00:00,資金費率,POPCATUSDT_binance_bybit,0.22,0.00017677,10000.0,10000.0,9.61,9.83,10009.83
21,2025-01-07 08:00:00,資金費率,XCNUSDT_binance_bybit,2.95,0.00236358,10000.0,10000.0,9.83,12.78,10012.78
22,2025-01-07 08:00:00,資金費率,SAFEUSDT_binance_bybit,0.0,0.0,10000.0,10000.0,12.78,12.78,10012.78
23,2025-01-08 08:00:00,資金費率,ETHWUSDT_binance_bybit,0.42,0.00033713,10000.0,10000.0,12.78,13.2,10013.2
24,2025-01-08 08:00:00,資金費率,POPCATUSDT_binance_bybit,0.2,0.00015979,10000.0,10000.0,13.2,13.4,10013.4
25,2025-01-08 08:00:00,資金費率,XCNUSDT_binance_bybit,1.7,0.00135748,10000.0,10000.0,13.4,15.1,10015.1
26,2025-01-08 08:00:00,資金費率,SAFEUSDT_binance_bybit,-0.16,-0.00012659,10000.0,10000.0,15.1,14.94,10014.94
27,2025-01-09 08:00:00,資金費率,ETHWUSDT_binance_bybit,0.03,2.095e-05,10000.0,10000.0,14.94,14.97,10014.97
28,2025-01-09 08:00:00,資金費率,POPCATUSDT_binance_bybit,0.25,0.00019615,10000.0,10000.0,14.97,15.21,10015.21
29,2025-01-09 08:00:00,資金費率,XCNUSDT_binance_bybit,0.4,0.00031985,10000.0,10000.0,15.21,15.61,10015.61
30,2025-01-09 08:00:00,資金費率,SAFEUSDT_binance_bybit,-0.17,-0.00013874,10000.0,10000.0,15.61,15.44,10015.44
31,2025-01-10 08:00:00,資金費率,ETHWUSDT_binance_bybit,0.11,8.961e-05,10000.0,10000.0,15.44,15.55,10015.55
32,2025-01-10 08:00:00,資金費率,POPCATUSDT_binance_bybit,0.09,7.533e-05,10000.0,10000.0,15.55,15.65,10015.65
33,2025-01-10 08:00:00,資金費率,XCNUSDT_binance_bybit,3.11,0.00248791,10000.0,10000.0,15.65,18.76,10018.76
34,2025-01-10 08:00:00,資金費率,SAFEUSDT_binance_bybit,-0.09,-7.575e-05,10000.0,10000.0,18.76,18.66,10018.66
35,2025-01-11 08:00:00,資金費率,ETHWUSDT_binance_bybit,0.31,0.00024973,10000.0,10000.0,18.66,18.97,10018.97
36,2025-01-11 08:00:00,資金費率,POPCATUSDT_binance_bybit,0.32,0.00025647,10000.0,10000.0,18.97,19.29,10019.29
37,2025-01-11 08:00:00,資金費率,XCNUSDT_binance_bybit,3.45,0.00275757,10000.0,10000.0,19.29,22.74,10022.74
38,2025-01-11 08:00:00,資金費率,SAFEUSDT_binance_bybit,-1.07,-0.00085611,10000.0,10000.0,22.74,21.67,10021.67
39,2025-01-12 08:00:00,資金費率,ETHWUSDT_binance_bybit,0.11,8.849e-05,10000.0,10000.0,21.67,21.78,10021.78
40,2025-01-12 08:00:00,資金費率,POPCATUSDT_binance_bybit,0.35,0.00027613,10000.0,10000.0,21.78,22.13,10022.13
41,2025-01-12 08:00:00,資金費率,XCNUSDT_binance_bybit,1.91,0.00153052,10000.0,10000.0,22.13,24.04,10024.04
42,2025-01-12 08:00:00,資金費率,SAFEUSDT_binance_bybit,-0.05,-3.86e-05,10000.0,10000.0,24.04,23.99,10023.99
43,2025-01-13 08:00:00,資金費率,ETHWUSDT_binance_bybit,0.06,4.834e-05,10000.0,10000.0,23.99,24.05,10024.05
44,2025-01-13 08:00:00,資金費率,POPCATUSDT_binance_bybit,0.16,0.00012475,10000.0,10000.0,24.05,24.21,10024.21
45,2025-01-13 08:00:00,資金費率,XCNUSDT_binance_bybit,0.91,0.00073018,10000.0,10000.0,24.21,25.12,10025.12
46,2025-01-13 08:00:00,資金費率,SAFEUSDT_binance_bybit,0.0,0.0,10000.0,10000.0,25.12,25.12,10025.12
47,2025-01-14 08:00:00,資金費率,ETHWUSDT_binance_bybit,0.0,0.0,10000.0,10000.0,25.12,25.12,10025.12
48,2025-01-14 08:00:00,資金費率,POPCATUSDT_binance_bybit,0.11,8.958e-05,10000.0,10000.0,25.12,25.23,10025.23
49,2025-01-14 08:00:00,資金費率,XCNUSDT_binance_bybit,0.75,0.0005999,10000.0,10000.0,25.23,25.98,10025.98
50,2025-01-14 08:00:00,資金費率,SAFEUSDT_binance_bybit,-0.28,-0.00022078,10000.0,10000.0,25.98,25.71,10025.71
51,2025-01-15 08:00:00,資金費率,ETHWUSDT_binance_bybit,0.77,0.00061933,10000.0,10000.0,25.71,26.48,10026.48
52,2025-01-15 08:00:00,資金費率,POPCATUSDT_binance_bybit,0.0,0.0,10000.0,10000.0,26.48,26.48,10026.48
53,2025-01-15 08:00:00,資金費率,XCNUSDT_binance_bybit,4.53,0.00362258,10000.0,10000.0,26.48,31.01,10031.01
54,2025-01-15 08:00:00,資金費率,SAFEUSDT_binance_bybit,-0.02,-1.727e-05,10000.0,10000.0,31.01,30.99,10030.99
55,2025-01-16 08:00:00,資金費率,ETHWUSDT_binance_bybit,0.06,4.737e-05,10000.0,10000.0,30.99,31.05,10031.05
56,2025-01-16 08:00:00,資金費率,POPCATUSDT_binance_bybit,0.03,2.083e-05,10000.0,10000.0,31.05,31.07,10031.07
57,2025-01-16 08:00:00,資金費率,XCNUSDT_binance_bybit,2.01,0.00160456,10000.0,10000.0,31.07,33.08,10033.08
58,2025-01-16 08:00:00,資金費率,SAFEUSDT_binance_bybit,-0.06,-5e-05,10000.0,10000.0,33.08,33.02,10033.02
59,2025-01-17 08:00:00,資金費率,ETHWUSDT_binance_bybit,0.34,0.00027272,10000.0,10000.0,33.02,33.36,10033.36
60,2025-01-17 08:00:00,資金費率,POPCATUSDT_binance_bybit,0.22,0.00017838,10000.0,10000.0,33.36,33.58,10033.58
61,2025-01-17 08:00:00,資金費率,XCNUSDT_binance_bybit,5.01,0.00400551,10000.0,10000.0,33.58,38.59,10038.59
62,2025-01-17 08:00:00,資金費率,SAFEUSDT_binance_bybit,0.0,0.0,10000.0,10000.0,38.59,38.59,10038.59
63,2025-01-18 08:00:00,資金費率,ETHWUSDT_binance_bybit,0.63,0.00050726,10000.0,10000.0,38.59,39.22,10039.22
64,2025-01-18 08:00:00,資金費率,POPCATUSDT_binance_bybit,0.33,0.00026413,10000.0,10000.0,39.22,39.55,10039.55
65,2025-01-18 08:00:00,資金費率,XCNUSDT_binance_bybit,115.94,0.09275417,10000.0,10000.0,39.55,155.49,10155.49
66,2025-01-18 08:00:00,資金費率,SAFEUSDT_binance_bybit,-0.15,-0.00011707,10000.0,10000.0,155.49,155.35,10155.35
67,2025-01-18 08:00:00,離場,SAFEUSDT_binance_bybit,2500.0,-,10000.0,7500.0,155.35,2655.35,10155.35
68,2025-01-18 08:00:00,離場手續費,SAFEUSDT_binance_bybit,-1.75,-,7500.0,7500.0,2655.35,2653.6,10153.6
68,2025-01-18 08:00:00,進場,DEGENUSDT_binance_bybit,-2500.0,-,7500.0,10000.0,2653.6,153.6,10153.6
69,2025-01-18 08:00:00,進場手續費,DEGENUSDT_binance_bybit,-1.75,-,10000.0,10000.0,153.6,151.85,10151.85
69,2025-01-19 08:00:00,資金費率,ETHWUSDT_binance_bybit,0.07,5.573e-05,10000.0,10000.0,151.85,151.92,10151.92
70,2025-01-19 08:00:00,資金費率,POPCATUSDT_binance_bybit,0.11,8.418e-05,10000.0,10000.0,151.92,152.02,10152.02
71,2025-01-19 08:00:00,資金費率,XCNUSDT_binance_bybit,114.5,0.09159841,10000.0,10000.0,152.02,266.52,10266.52
72,2025-01-19 08:00:00,資金費率,DEGENUSDT_binance_bybit,0.12,9.867e-05,10000.0,10000.0,266.52,266.64,10266.64
73,2025-01-20 08:00:00,資金費率,ETHWUSDT_binance_bybit,0.76,0.00060821,10000.0,10000.0,266.64,267.4,10267.4
74,2025-01-20 08:00:00,資金費率,POPCATUSDT_binance_bybit,0.57,0.00045579,10000.0,10000.0,267.4,267.97,10267.97
75,2025-01-20 08:00:00,資金費率,XCNUSDT_binance_bybit,26.61,0.02128471,10000.0,10000.0,267.97,294.58,10294.58
76,2025-01-20 08:00:00,資金費率,DEGENUSDT_binance_bybit,1.89,0.00151266,10000.0,10000.0,294.58,296.47,10296.47
77,2025-01-21 08:00:00,資金費率,ETHWUSDT_binance_bybit,0.0,0.0,10000.0,10000.0,296.47,296.47,10296.47
78,2025-01-21 08:00:00,資金費率,POPCATUSDT_binance_bybit,0.35,0.00028106,10000.0,10000.0,296.47,296.82,10296.82
79,2025-01-21 08:00:00,資金費率,XCNUSDT_binance_bybit,23.24,0.01859124,10000.0,10000.0,296.82,320.06,10320.06
80,2025-01-21 08:00:00,資金費率,DEGENUSDT_binance_bybit,1.04,0.00083508,10000.0,10000.0,320.06,321.11,10321.11
81,2025-01-22 08:00:00,資金費率,ETHWUSDT_binance_bybit,0.0,0.0,10000.0,10000.0,321.11,321.11,10321.11
82,2025-01-22 08:00:00,資金費率,POPCATUSDT_binance_bybit,0.11,8.59e-05,10000.0,10000.0,321.11,321.21,10321.21
83,2025-01-22 08:00:00,資金費率,XCNUSDT_binance_bybit,30.46,0.0243705,10000.0,10000.0,321.21,351.68,10351.68
84,2025-01-22 08:00:00,資金費率,DEGENUSDT_binance_bybit,0.65,0.00052259,10000.0,10000.0,351.68,352.33,10352.33
85,2025-01-23 08:00:00,資金費率,ETHWUSDT_binance_bybit,0.16,0.00012629,10000.0,10000.0,352.33,352.49,10352.49
86,2025-01-23 08:00:00,資金費率,POPCATUSDT_binance_bybit,0.24,0.00019321,10000.0,10000.0,352.49,352.73,10352.73
87,2025-01-23 08:00:00,資金費率,XCNUSDT_binance_bybit,19.02,0.01521268,10000.0,10000.0,352.73,371.74,10371.74
88,2025-01-23 08:00:00,資金費率,DEGENUSDT_binance_bybit,1.19,0.00095298,10000.0,10000.0,371.74,372.94,10372.94
89,2025-01-24 08:00:00,資金費率,ETHWUSDT_binance_bybit,0.0,0.0,10000.0,10000.0,372.94,372.94,10372.94
90,2025-01-24 08:00:00,資金費率,POPCATUSDT_binance_bybit,0.17,0.00013596,10000.0,10000.0,372.94,373.11,10373.11
91,2025-01-24 08:00:00,資金費率,XCNUSDT_binance_bybit,10.79,0.00863428,10000.0,10000.0,373.11,383.9,10383.9
92,2025-01-24 08:00:00,資金費率,DEGENUSDT_binance_bybit,0.68,0.00054652,10000.0,10000.0,383.9,384.58,10384.58
93,2025-01-25 08:00:00,資金費率,ETHWUSDT_binance_bybit,0.0,0.0,10000.0,10000.0,384.58,384.58,10384.58
94,2025-01-25 08:00:00,資金費率,POPCATUSDT_binance_bybit,0.1,8.385e-05,10000.0,10000.0,384.58,384.69,10384.69
95,2025-01-25 08:00:00,資金費率,XCNUSDT_binance_bybit,121.67,0.09733662,10000.0,10000.0,384.69,506.36,10506.36
96,2025-01-25 08:00:00,資金費率,DEGENUSDT_binance_bybit,0.21,0.00017106,10000.0,10000.0,506.36,506.57,10506.57
97,2025-01-26 08:00:00,資金費率,ETHWUSDT_binance_bybit,0.0,0.0,10000.0,10000.0,506.57,506.57,10506.57
98,2025-01-26 08:00:00,資金費率,POPCATUSDT_binance_bybit,0.0,0.0,10000.0,10000.0,506.57,506.57,10506.57
99,2025-01-26 08:00:00,資金費率,XCNUSDT_binance_bybit,87.43,0.0699426,10000.0,10000.0,506.57,594.0,10594.0
100,2025-01-26 08:00:00,資金費率,DEGENUSDT_binance_bybit,0.0,0.0,10000.0,10000.0,594.0,594.0,10594.0
101,2025-01-27 08:00:00,資金費率,ETHWUSDT_binance_bybit,0.0,0.0,10000.0,10000.0,594.0,594.0,10594.0
102,2025-01-27 08:00:00,資金費率,POPCATUSDT_binance_bybit,0.0,0.0,10000.0,10000.0,594.0,594.0,10594.0
103,2025-01-27 08:00:00,資金費率,XCNUSDT_binance_bybit,46.29,0.03703548,10000.0,10000.0,594.0,640.29,10640.29
104,2025-01-27 08:00:00,資金費率,DEGENUSDT_binance_bybit,0.24,0.00019032,10000.0,10000.0,640.29,640.53,10640.53
105,2025-01-28 08:00:00,資金費率,ETHWUSDT_binance_bybit,0.0,0.0,10000.0,10000.0,640.53,640.53,10640.53
106,2025-01-28 08:00:00,資金費率,POPCATUSDT_binance_bybit,0.0,0.0,10000.0,10000.0,640.53,640.53,10640.53
107,2025-01-28 08:00:00,資金費率,XCNUSDT_binance_bybit,15.79,0.01263528,10000.0,10000.0,640.53,656.33,10656.33
108,2025-01-28 08:00:00,資金費率,DEGENUSDT_binance_bybit,0.18,0.00014743,10000.0,10000.0,656.33,656.51,10656.51
109,2025-01-29 08:00:00,資金費率,ETHWUSDT_binance_bybit,0.0,0.0,10000.0,10000.0,656.51,656.51,10656.51
110,2025-01-29 08:00:00,資金費率,POPCATUSDT_binance_bybit,0.0,0.0,10000.0,10000.0,656.51,656.51,10656.51
111,2025-01-29 08:00:00,資金費率,XCNUSDT_binance_bybit,15.69,0.01254853,10000.0,10000.0,656.51,672.2,10672.2
112,2025-01-29 08:00:00,資金費率,DEGENUSDT_binance_bybit,0.06,4.86e-05,10000.0,10000.0,672.2,672.26,10672.26
113,2025-01-30 08:00:00,資金費率,ETHWUSDT_binance_bybit,0.0,0.0,10000.0,10000.0,672.26,672.26,10672.26
114,2025-01-30 08:00:00,資金費率,POPCATUSDT_binance_bybit,0.06,5.125e-05,10000.0,10000.0,672.26,672.32,10672.32
115,2025-01-30 08:00:00,資金費率,XCNUSDT_binance_bybit,12.13,0.00970485,10000.0,10000.0,672.32,684.45,10684.45
116,2025-01-30 08:00:00,資金費率,DEGENUSDT_binance_bybit,0.25,0.00019786,10000.0,10000.0,684.45,684.7,10684.7
117,2025-01-31 08:00:00,資金費率,ETHWUSDT_binance_bybit,0.0,0.0,10000.0,10000.0,684.7,684.7,10684.7
118,2025-01-31 08:00:00,資金費率,POPCATUSDT_binance_bybit,0.04,3.353e-05,10000.0,10000.0,684.7,684.74,10684.74
119,2025-01-31 08:00:00,資金費率,XCNUSDT_binance_bybit,9.18,0.00734691,10000.0,10000.0,684.74,693.92,10693.92
120,2025-01-31 08:00:00,資金費率,DEGENUSDT_binance_bybit,0.02,1.717e-05,10000.0,10000.0,693.92,693.95,10693.95
121,2025-02-01 08:00:00,資金費率,ETHWUSDT_binance_bybit,0.0,0.0,10000.0,10000.0,693.95,693.95,10693.95
122,2025-02-01 08:00:00,資金費率,POPCATUSDT_binance_bybit,0.47,0.00037502,10000.0,10000.0,693.95,694.41,10694.41
123,2025-02-01 08:00:00,資金費率,XCNUSDT_binance_bybit,6.63,0.00530123,10000.0,10000.0,694.41,701.04,10701.04
124,2025-02-01 08:00:00,資金費率,DEGENUSDT_binance_bybit,0.5,0.000396,10000.0,10000.0,701.04,701.54,10701.54
125,2025-02-02 08:00:00,資金費率,ETHWUSDT_binance_bybit,0.0,0.0,10000.0,10000.0,701.54,701.54,10701.54
126,2025-02-02 08:00:00,資金費率,POPCATUSDT_binance_bybit,0.0,0.0,10000.0,10000.0,701.54,701.54,10701.54
127,2025-02-02 08:00:00,資金費率,XCNUSDT_binance_bybit,6.54,0.00523473,10000.0,10000.0,701.54,708.08,10708.08
128,2025-02-02 08:00:00,資金費率,DEGENUSDT_binance_bybit,0.0,0.0,10000.0,10000.0,708.08,708.08,10708.08
129,2025-02-03 08:00:00,資金費率,ETHWUSDT_binance_bybit,0.0,0.0,10000.0,10000.0,708.08,708.08,10708.08
130,2025-02-03 08:00:00,資金費率,POPCATUSDT_binance_bybit,0.04,3.009e-05,10000.0,10000.0,708.08,708.12,10708.12
131,2025-02-03 08:00:00,資金費率,XCNUSDT_binance_bybit,7.03,0.0056211,10000.0,10000.0,708.12,715.14,10715.14
132,2025-02-03 08:00:00,資金費率,DEGENUSDT_binance_bybit,0.03,2.731e-05,10000.0,10000.0,715.14,715.18,10715.18
133,2025-02-04 08:00:00,資金費率,ETHWUSDT_binance_bybit,-0.15,-0.00011897,10000.0,10000.0,715.18,715.03,10715.03
134,2025-02-04 08:00:00,資金費率,POPCATUSDT_binance_bybit,0.08,6.242e-05,10000.0,10000.0,715.03,715.11,10715.11
135,2025-02-04 08:00:00,資金費率,XCNUSDT_binance_bybit,10.48,0.00838105,10000.0,10000.0,715.11,725.58,10725.58
136,2025-02-04 08:00:00,資金費率,DEGENUSDT_binance_bybit,0.64,0.00051453,10000.0,10000.0,725.58,726.23,10726.23
137,2025-02-05 08:00:00,資金費率,ETHWUSDT_binance_bybit,0.48,0.00038499,10000.0,10000.0,726.23,726.71,10726.71
138,2025-02-05 08:00:00,資金費率,POPCATUSDT_binance_bybit,-0.01,-1.184e-05,10000.0,10000.0,726.71,726.69,10726.69
139,2025-02-05 08:00:00,資金費率,XCNUSDT_binance_bybit,5.83,0.00466369,10000.0,10000.0,726.69,732.52,10732.52
140,2025-02-05 08:00:00,資金費率,DEGENUSDT_binance_bybit,0.0,0.0,10000.0,10000.0,732.52,732.52,10732.52
141,2025-02-06 08:00:00,資金費率,ETHWUSDT_binance_bybit,0.4,0.00032199,10000.0,10000.0,732.52,732.92,10732.92
142,2025-02-06 08:00:00,資金費率,POPCATUSDT_binance_bybit,0.0,0.0,10000.0,10000.0,732.92,732.92,10732.92
143,2025-02-06 08:00:00,資金費率,XCNUSDT_binance_bybit,2.96,0.00236678,10000.0,10000.0,732.92,735.88,10735.88
144,2025-02-06 08:00:00,資金費率,DEGENUSDT_binance_bybit,0.1,7.976e-05,10000.0,10000.0,735.88,735.98,10735.98
145,2025-02-07 08:00:00,資金費率,ETHWUSDT_binance_bybit,0.16,0.0001303,10000.0,10000.0,735.98,736.15,10736.15
146,2025-02-07 08:00:00,資金費率,POPCATUSDT_binance_bybit,0.11,8.558e-05,10000.0,10000.0,736.15,736.25,10736.25
147,2025-02-07 08:00:00,資金費率,XCNUSDT_binance_bybit,3.21,0.00257075,10000.0,10000.0,736.25,739.47,10739.47
148,2025-02-07 08:00:00,資金費率,DEGENUSDT_binance_bybit,0.0,0.0,10000.0,10000.0,739.47,739.47,10739.47
149,2025-02-08 08:00:00,資金費率,ETHWUSDT_binance_bybit,0.49,0.00039401,10000.0,10000.0,739.47,739.96,10739.96
150,2025-02-08 08:00:00,資金費率,POPCATUSDT_binance_bybit,-0.19,-0.00014974,10000.0,10000.0,739.96,739.77,10739.77
151,2025-02-08 08:00:00,資金費率,XCNUSDT_binance_bybit,4.27,0.00341419,10000.0,10000.0,739.77,744.04,10744.04
152,2025-02-08 08:00:00,資金費率,DEGENUSDT_binance_bybit,0.0,0.0,10000.0,10000.0,744.04,744.04,10744.04
153,2025-02-09 08:00:00,資金費率,ETHWUSDT_binance_bybit,0.04,3.132e-05,10000.0,10000.0,744.04,744.08,10744.08
154,2025-02-09 08:00:00,資金費率,POPCATUSDT_binance_bybit,-0.16,-0.00013184,10000.0,10000.0,744.08,743.91,10743.91
155,2025-02-09 08:00:00,資金費率,XCNUSDT_binance_bybit,0.99,0.00078905,10000.0,10000.0,743.91,744.9,10744.9
156,2025-02-09 08:00:00,資金費率,DEGENUSDT_binance_bybit,0.0,0.0,10000.0,10000.0,744.9,744.9,10744.9
157,2025-02-10 08:00:00,資金費率,ETHWUSDT_binance_bybit,0.16,0.00013153,10000.0,10000.0,744.9,745.06,10745.06
158,2025-02-10 08:00:00,資金費率,POPCATUSDT_binance_bybit,-0.75,-0.00059931,10000.0,10000.0,745.06,744.32,10744.32
159,2025-02-10 08:00:00,資金費率,XCNUSDT_binance_bybit,6.02,0.00481435,10000.0,10000.0,744.32,750.33,10750.33
160,2025-02-10 08:00:00,資金費率,DEGENUSDT_binance_bybit,0.0,0.0,10000.0,10000.0,750.33,750.33,10750.33
161,2025-02-11 08:00:00,資金費率,ETHWUSDT_binance_bybit,0.16,0.00013059,10000.0,10000.0,750.33,750.5,10750.5
162,2025-02-11 08:00:00,資金費率,POPCATUSDT_binance_bybit,-0.09,-7.42e-05,10000.0,10000.0,750.5,750.4,10750.4
163,2025-02-11 08:00:00,資金費率,XCNUSDT_binance_bybit,4.45,0.0035592,10000.0,10000.0,750.4,754.85,10754.85
164,2025-02-11 08:00:00,資金費率,DEGENUSDT_binance_bybit,0.0,0.0,10000.0,10000.0,754.85,754.85,10754.85
165,2025-02-12 08:00:00,資金費率,ETHWUSDT_binance_bybit,0.57,0.00045347,10000.0,10000.0,754.85,755.42,10755.42
166,2025-02-12 08:00:00,資金費率,POPCATUSDT_binance_bybit,-0.46,-0.00036907,10000.0,10000.0,755.42,754.96,10754.96
167,2025-02-12 08:00:00,資金費率,XCNUSDT_binance_bybit,5.01,0.00400984,10000.0,10000.0,754.96,759.97,10759.97
168,2025-02-12 08:00:00,資金費率,DEGENUSDT_binance_bybit,0.0,0.0,10000.0,10000.0,759.97,759.97,10759.97
169,2025-02-13 08:00:00,資金費率,ETHWUSDT_binance_bybit,0.37,0.000296,10000.0,10000.0,759.97,760.34,10760.34
170,2025-02-13 08:00:00,資金費率,POPCATUSDT_binance_bybit,0.1,8.151e-05,10000.0,10000.0,760.34,760.44,10760.44
171,2025-02-13 08:00:00,資金費率,XCNUSDT_binance_bybit,5.34,0.004274,10000.0,10000.0,760.44,765.78,10765.78
172,2025-02-13 08:00:00,資金費率,DEGENUSDT_binance_bybit,0.0,0.0,10000.0,10000.0,765.78,765.78,10765.78
173,2025-02-14 08:00:00,資金費率,ETHWUSDT_binance_bybit,0.0,0.0,10000.0,10000.0,765.78,765.78,10765.78
174,2025-02-14 08:00:00,資金費率,POPCATUSDT_binance_bybit,0.14,0.00011193,10000.0,10000.0,765.78,765.92,10765.92
175,2025-02-14 08:00:00,資金費率,XCNUSDT_binance_bybit,7.92,0.00633473,10000.0,10000.0,765.92,773.84,10773.84
176,2025-02-14 08:00:00,資金費率,DEGENUSDT_binance_bybit,0.16,0.00012796,10000.0,10000.0,773.84,774.0,10774.0
177,2025-02-15 08:00:00,資金費率,ETHWUSDT_binance_bybit,0.0,0.0,10000.0,10000.0,774.0,774.0,10774.0
178,2025-02-15 08:00:00,資金費率,POPCATUSDT_binance_bybit,-0.13,-0.00010499,10000.0,10000.0,774.0,773.87,10773.87
179,2025-02-15 08:00:00,資金費率,XCNUSDT_binance_bybit,2.34,0.00187244,10000.0,10000.0,773.87,776.21,10776.21
180,2025-02-15 08:00:00,資金費率,DEGENUSDT_binance_bybit,0.0,0.0,10000.0,10000.0,776.21,776.21,10776.21
181,2025-02-16 08:00:00,資金費率,ETHWUSDT_binance_bybit,0.0,0.0,10000.0,10000.0,776.21,776.21,10776.21
182,2025-02-16 08:00:00,資金費率,POPCATUSDT_binance_bybit,-0.28,-0.00022611,10000.0,10000.0,776.21,775.93,10775.93
183,2025-02-16 08:00:00,資金費率,XCNUSDT_binance_bybit,7.48,0.00598244,10000.0,10000.0,775.93,783.41,10783.41
184,2025-02-16 08:00:00,資金費率,DEGENUSDT_binance_bybit,0.0,0.0,10000.0,10000.0,783.41,783.41,10783.41
185,2025-02-16 08:00:00,離場,POPCATUSDT_binance_bybit,2500.0,-,10000.0,7500.0,783.41,3283.41,10783.41
186,2025-02-16 08:00:00,離場手續費,POPCATUSDT_binance_bybit,-1.75,-,7500.0,7500.0,3283.41,3281.66,10781.66
186,2025-02-16 08:00:00,進場,GOATUSDT_binance_bybit,-2500.0,-,7500.0,10000.0,3281.66,781.66,10781.66
187,2025-02-16 08:00:00,進場手續費,GOATUSDT_binance_bybit,-1.75,-,10000.0,10000.0,781.66,779.91,10779.91
187,2025-02-17 08:00:00,資金費率,ETHWUSDT_binance_bybit,0.0,0.0,10000.0,10000.0,779.91,779.91,10779.91
188,2025-02-17 08:00:00,資金費率,XCNUSDT_binance_bybit,9.41,0.00752789,10000.0,10000.0,779.91,789.32,10789.32
189,2025-02-17 08:00:00,資金費率,DEGENUSDT_binance_bybit,0.17,0.00013526,10000.0,10000.0,789.32,789.49,10789.49
190,2025-02-17 08:00:00,資金費率,GOATUSDT_binance_bybit,0.05,4.186e-05,10000.0,10000.0,789.49,789.54,10789.54
191,2025-02-18 08:00:00,資金費率,ETHWUSDT_binance_bybit,0.0,0.0,10000.0,10000.0,789.54,789.54,10789.54
192,2025-02-18 08:00:00,資金費率,XCNUSDT_binance_bybit,1.71,0.00137195,10000.0,10000.0,789.54,791.25,10791.25
193,2025-02-18 08:00:00,資金費率,DEGENUSDT_binance_bybit,0.0,0.0,10000.0,10000.0,791.25,791.25,10791.25
194,2025-02-18 08:00:00,資金費率,GOATUSDT_binance_bybit,0.04,3.548e-05,10000.0,10000.0,791.25,791.3,10791.3
195,2025-02-19 08:00:00,資金費率,ETHWUSDT_binance_bybit,0.0,0.0,10000.0,10000.0,791.3,791.3,10791.3
196,2025-02-19 08:00:00,資金費率,XCNUSDT_binance_bybit,3.15,0.00251654,10000.0,10000.0,791.3,794.44,10794.44
197,2025-02-19 08:00:00,資金費率,DEGENUSDT_binance_bybit,-0.05,-4.304e-05,10000.0,10000.0,794.44,794.39,10794.39
198,2025-02-19 08:00:00,資金費率,GOATUSDT_binance_bybit,-0.24,-0.00018847,10000.0,10000.0,794.39,794.15,10794.15
199,2025-02-20 08:00:00,資金費率,ETHWUSDT_binance_bybit,0.0,0.0,10000.0,10000.0,794.15,794.15,10794.15
200,2025-02-20 08:00:00,資金費率,XCNUSDT_binance_bybit,1.78,0.00142418,10000.0,10000.0,794.15,795.93,10795.93
201,2025-02-20 08:00:00,資金費率,DEGENUSDT_binance_bybit,0.0,0.0,10000.0,10000.0,795.93,795.93,10795.93
202,2025-02-20 08:00:00,資金費率,GOATUSDT_binance_bybit,0.0,0.0,10000.0,10000.0,795.93,795.93,10795.93
203,2025-02-21 08:00:00,資金費率,ETHWUSDT_binance_bybit,0.0,0.0,10000.0,10000.0,795.93,795.93,10795.93
204,2025-02-21 08:00:00,資金費率,XCNUSDT_binance_bybit,2.88,0.00230112,10000.0,10000.0,795.93,798.81,10798.81
205,2025-02-21 08:00:00,資金費率,DEGENUSDT_binance_bybit,-0.02,-1.211e-05,10000.0,10000.0,798.81,798.8,10798.8
206,2025-02-21 08:00:00,資金費率,GOATUSDT_binance_bybit,0.0,0.0,10000.0,10000.0,798.8,798.8,10798.8
207,2025-02-22 08:00:00,資金費率,ETHWUSDT_binance_bybit,0.51,0.00040726,10000.0,10000.0,798.8,799.31,10799.31
208,2025-02-22 08:00:00,資金費率,XCNUSDT_binance_bybit,2.74,0.00219139,10000.0,10000.0,799.31,802.04,10802.04
209,2025-02-22 08:00:00,資金費率,DEGENUSDT_binance_bybit,0.08,6.524e-05,10000.0,10000.0,802.04,802.13,10802.13
210,2025-02-22 08:00:00,資金費率,GOATUSDT_binance_bybit,0.11,8.782e-05,10000.0,10000.0,802.13,802.24,10802.24
211,2025-02-23 08:00:00,資金費率,ETHWUSDT_binance_bybit,0.55,0.00043931,10000.0,10000.0,802.24,802.78,10802.78
212,2025-02-23 08:00:00,資金費率,XCNUSDT_binance_bybit,6.67,0.00533918,10000.0,10000.0,802.78,809.46,10809.46
213,2025-02-23 08:00:00,資金費率,DEGENUSDT_binance_bybit,0.0,0.0,10000.0,10000.0,809.46,809.46,10809.46
214,2025-02-23 08:00:00,資金費率,GOATUSDT_binance_bybit,-0.03,-2.278e-05,10000.0,10000.0,809.46,809.43,10809.43
215,2025-02-24 08:00:00,資金費率,ETHWUSDT_binance_bybit,0.0,0.0,10000.0,10000.0,809.43,809.43,10809.43
216,2025-02-24 08:00:00,資金費率,XCNUSDT_binance_bybit,7.57,0.00605972,10000.0,10000.0,809.43,817.01,10817.01
217,2025-02-24 08:00:00,資金費率,DEGENUSDT_binance_bybit,0.0,0.0,10000.0,10000.0,817.01,817.01,10817.01
218,2025-02-24 08:00:00,資金費率,GOATUSDT_binance_bybit,0.0,0.0,10000.0,10000.0,817.01,817.01,10817.01
219,2025-02-25 08:00:00,資金費率,ETHWUSDT_binance_bybit,-0.12,-9.257e-05,10000.0,10000.0,817.01,816.89,10816.89
220,2025-02-25 08:00:00,資金費率,XCNUSDT_binance_bybit,10.19,0.00814836,10000.0,10000.0,816.89,827.07,10827.07
221,2025-02-25 08:00:00,資金費率,DEGENUSDT_binance_bybit,0.0,0.0,10000.0,10000.0,827.07,827.07,10827.07
222,2025-02-25 08:00:00,資金費率,GOATUSDT_binance_bybit,-0.04,-2.87e-05,10000.0,10000.0,827.07,827.04,10827.04
223,2025-02-26 08:00:00,資金費率,ETHWUSDT_binance_bybit,0.0,0.0,10000.0,10000.0,827.04,827.04,10827.04
224,2025-02-26 08:00:00,資金費率,XCNUSDT_binance_bybit,3.59,0.00287548,10000.0,10000.0,827.04,830.63,10830.63
225,2025-02-26 08:00:00,資金費率,DEGENUSDT_binance_bybit,0.0,0.0,10000.0,10000.0,830.63,830.63,10830.63
226,2025-02-26 08:00:00,資金費率,GOATUSDT_binance_bybit,0.2,0.00015625,10000.0,10000.0,830.63,830.83,10830.83
227,2025-02-27 08:00:00,資金費率,ETHWUSDT_binance_bybit,0.0,0.0,10000.0,10000.0,830.83,830.83,10830.83
228,2025-02-27 08:00:00,資金費率,XCNUSDT_binance_bybit,2.94,0.00235094,10000.0,10000.0,830.83,833.77,10833.77
229,2025-02-27 08:00:00,資金費率,DEGENUSDT_binance_bybit,0.09,7.298e-05,10000.0,10000.0,833.77,833.86,10833.86
230,2025-02-27 08:00:00,資金費率,GOATUSDT_binance_bybit,0.0,0.0,10000.0,10000.0,833.86,833.86,10833.86
231,2025-02-28 08:00:00,資金費率,ETHWUSDT_binance_bybit,0.0,0.0,10000.0,10000.0,833.86,833.86,10833.86
232,2025-02-28 08:00:00,資金費率,XCNUSDT_binance_bybit,1.44,0.00115163,10000.0,10000.0,833.86,835.3,10835.3
233,2025-02-28 08:00:00,資金費率,DEGENUSDT_binance_bybit,0.0,0.0,10000.0,10000.0,835.3,835.3,10835.3
234,2025-02-28 08:00:00,資金費率,GOATUSDT_binance_bybit,-0.13,-0.00010007,10000.0,10000.0,835.3,835.17,10835.17
235,2025-03-01 08:00:00,資金費率,ETHWUSDT_binance_bybit,0.0,0.0,10000.0,10000.0,835.17,835.17,10835.17
236,2025-03-01 08:00:00,資金費率,XCNUSDT_binance_bybit,2.09,0.00166942,10000.0,10000.0,835.17,837.26,10837.26
237,2025-03-01 08:00:00,資金費率,DEGENUSDT_binance_bybit,0.0,0.0,10000.0,10000.0,837.26,837.26,10837.26
238,2025-03-01 08:00:00,資金費率,GOATUSDT_binance_bybit,0.29,0.00023043,10000.0,10000.0,837.26,837.55,10837.55
239,2025-03-02 08:00:00,資金費率,ETHWUSDT_binance_bybit,0.0,0.0,10000.0,10000.0,837.55,837.55,10837.55
240,2025-03-02 08:00:00,資金費率,XCNUSDT_binance_bybit,4.56,0.00364633,10000.0,10000.0,837.55,842.11,10842.11
241,2025-03-02 08:00:00,資金費率,DEGENUSDT_binance_bybit,0.01,8.51e-06,10000.0,10000.0,842.11,842.12,10842.12
242,2025-03-02 08:00:00,資金費率,GOATUSDT_binance_bybit,-0.04,-3.15e-05,10000.0,10000.0,842.12,842.08,10842.08
243,2025-03-03 08:00:00,資金費率,ETHWUSDT_binance_bybit,0.0,0.0,10000.0,10000.0,842.08,842.08,10842.08
244,2025-03-03 08:00:00,資金費率,XCNUSDT_binance_bybit,11.7,0.00935641,10000.0,10000.0,842.08,853.77,10853.77
245,2025-03-03 08:00:00,資金費率,DEGENUSDT_binance_bybit,0.0,2.93e-06,10000.0,10000.0,853.77,853.78,10853.78
246,2025-03-03 08:00:00,資金費率,GOATUSDT_binance_bybit,0.27,0.0002181,10000.0,10000.0,853.78,854.05,10854.05
247,2025-03-04 08:00:00,資金費率,ETHWUSDT_binance_bybit,0.0,0.0,10000.0,10000.0,854.05,854.05,10854.05
248,2025-03-04 08:00:00,資金費率,XCNUSDT_binance_bybit,4.0,0.00320266,10000.0,10000.0,854.05,858.05,10858.05
249,2025-03-04 08:00:00,資金費率,DEGENUSDT_binance_bybit,0.44,0.00034962,10000.0,10000.0,858.05,858.49,10858.49
250,2025-03-04 08:00:00,資金費率,GOATUSDT_binance_bybit,-0.19,-0.0001481,10000.0,10000.0,858.49,858.3,10858.3
251,2025-03-05 08:00:00,資金費率,ETHWUSDT_binance_bybit,-0.14,-0.00010838,10000.0,10000.0,858.3,858.17,10858.17
252,2025-03-05 08:00:00,資金費率,XCNUSDT_binance_bybit,3.57,0.00285887,10000.0,10000.0,858.17,861.74,10861.74
253,2025-03-05 08:00:00,資金費率,DEGENUSDT_binance_bybit,0.03,2.042e-05,10000.0,10000.0,861.74,861.77,10861.77
254,2025-03-05 08:00:00,資金費率,GOATUSDT_binance_bybit,0.29,0.00023383,10000.0,10000.0,861.77,862.06,10862.06
255,2025-03-06 08:00:00,資金費率,ETHWUSDT_binance_bybit,0.0,0.0,10000.0,10000.0,862.06,862.06,10862.06
256,2025-03-06 08:00:00,資金費率,XCNUSDT_binance_bybit,0.82,0.00065444,10000.0,10000.0,862.06,862.88,10862.88
257,2025-03-06 08:00:00,資金費率,DEGENUSDT_binance_bybit,0.1,8.223e-05,10000.0,10000.0,862.88,862.98,10862.98
258,2025-03-06 08:00:00,資金費率,GOATUSDT_binance_bybit,0.03,2.465e-05,10000.0,10000.0,862.98,863.01,10863.01
259,2025-03-07 08:00:00,資金費率,ETHWUSDT_binance_bybit,0.0,0.0,10000.0,10000.0,863.01,863.01,10863.01
260,2025-03-07 08:00:00,資金費率,XCNUSDT_binance_bybit,0.71,0.00056646,10000.0,10000.0,863.01,863.72,10863.72
261,2025-03-07 08:00:00,資金費率,DEGENUSDT_binance_bybit,0.1,7.699e-05,10000.0,10000.0,863.72,863.82,10863.82
262,2025-03-07 08:00:00,資金費率,GOATUSDT_binance_bybit,-0.29,-0.00022847,10000.0,10000.0,863.82,863.53,10863.53
263,2025-03-07 08:00:00,離場,ETHWUSDT_binance_bybit,2500.0,-,10000.0,7500.0,863.53,3363.53,10863.53
264,2025-03-07 08:00:00,離場手續費,ETHWUSDT_binance_bybit,-1.75,-,7500.0,7500.0,3363.53,3361.78,10861.78
264,2025-03-07 08:00:00,進場,ATHUSDT_binance_bybit,-2500.0,-,7500.0,10000.0,3361.78,861.78,10861.78
265,2025-03-07 08:00:00,進場手續費,ATHUSDT_binance_bybit,-1.75,-,10000.0,10000.0,861.78,860.03,10860.03
265,2025-03-08 08:00:00,資金費率,XCNUSDT_binance_bybit,0.39,0.0003106,10000.0,10000.0,860.03,860.42,10860.42
266,2025-03-08 08:00:00,資金費率,DEGENUSDT_binance_bybit,0.0,0.0,10000.0,10000.0,860.42,860.42,10860.42
267,2025-03-08 08:00:00,資金費率,GOATUSDT_binance_bybit,0.0,2.02e-06,10000.0,10000.0,860.42,860.42,10860.42
268,2025-03-08 08:00:00,資金費率,ATHUSDT_binance_bybit,1.31,0.00104477,10000.0,10000.0,860.42,861.73,10861.73
269,2025-03-09 08:00:00,資金費率,XCNUSDT_binance_bybit,1.22,0.00097911,10000.0,10000.0,861.73,862.95,10862.95
270,2025-03-09 08:00:00,資金費率,DEGENUSDT_binance_bybit,0.46,0.00036429,10000.0,10000.0,862.95,863.41,10863.41
271,2025-03-09 08:00:00,資金費率,GOATUSDT_binance_bybit,-0.08,-6.58e-05,10000.0,10000.0,863.41,863.32,10863.32
272,2025-03-09 08:00:00,資金費率,ATHUSDT_binance_bybit,7.34,0.00587341,10000.0,10000.0,863.32,870.67,10870.67
273,2025-03-10 08:00:00,資金費率,XCNUSDT_binance_bybit,2.75,0.00219932,10000.0,10000.0,870.67,873.41,10873.41
274,2025-03-10 08:00:00,資金費率,DEGENUSDT_binance_bybit,0.37,0.00029688,10000.0,10000.0,873.41,873.79,10873.79
275,2025-03-10 08:00:00,資金費率,GOATUSDT_binance_bybit,-0.05,-3.889e-05,10000.0,10000.0,873.79,873.74,10873.74
276,2025-03-10 08:00:00,資金費率,ATHUSDT_binance_bybit,1.53,0.00122054,10000.0,10000.0,873.74,875.26,10875.26
277,2025-03-11 08:00:00,資金費率,XCNUSDT_binance_bybit,0.43,0.0003403,10000.0,10000.0,875.26,875.69,10875.69
278,2025-03-11 08:00:00,資金費率,DEGENUSDT_binance_bybit,0.17,0.00013829,10000.0,10000.0,875.69,875.86,10875.86
279,2025-03-11 08:00:00,資金費率,GOATUSDT_binance_bybit,0.0,0.0,10000.0,10000.0,875.86,875.86,10875.86
280,2025-03-11 08:00:00,資金費率,ATHUSDT_binance_bybit,3.54,0.0028329,10000.0,10000.0,875.86,879.4,10879.4
281,2025-03-12 08:00:00,資金費率,XCNUSDT_binance_bybit,1.86,0.00149106,10000.0,10000.0,879.4,881.27,10881.27
282,2025-03-12 08:00:00,資金費率,DEGENUSDT_binance_bybit,0.42,0.00033555,10000.0,10000.0,881.27,881.69,10881.69
283,2025-03-12 08:00:00,資金費率,GOATUSDT_binance_bybit,0.0,0.0,10000.0,10000.0,881.69,881.69,10881.69
284,2025-03-12 08:00:00,資金費率,ATHUSDT_binance_bybit,1.51,0.00120956,10000.0,10000.0,881.69,883.2,10883.2
285,2025-03-13 08:00:00,資金費率,XCNUSDT_binance_bybit,1.32,0.00105435,10000.0,10000.0,883.2,884.52,10884.52
286,2025-03-13 08:00:00,資金費率,DEGENUSDT_binance_bybit,0.14,0.00011352,10000.0,10000.0,884.52,884.66,10884.66
287,2025-03-13 08:00:00,資金費率,GOATUSDT_binance_bybit,-0.14,-0.00010885,10000.0,10000.0,884.66,884.52,10884.52
288,2025-03-13 08:00:00,資金費率,ATHUSDT_binance_bybit,-0.37,-0.00029468,10000.0,10000.0,884.52,884.15,10884.15
289,2025-03-14 08:00:00,資金費率,XCNUSDT_binance_bybit,1.54,0.00123286,10000.0,10000.0,884.15,885.69,10885.69
290,2025-03-14 08:00:00,資金費率,DEGENUSDT_binance_bybit,0.0,0.0,10000.0,10000.0,885.69,885.69,10885.69
291,2025-03-14 08:00:00,資金費率,GOATUSDT_binance_bybit,-0.11,-9.1e-05,10000.0,10000.0,885.69,885.58,10885.58
292,2025-03-14 08:00:00,資金費率,ATHUSDT_binance_bybit,0.04,2.985e-05,10000.0,10000.0,885.58,885.62,10885.62
293,2025-03-15 08:00:00,資金費率,XCNUSDT_binance_bybit,4.24,0.00338887,10000.0,10000.0,885.62,889.85,10889.85
294,2025-03-15 08:00:00,資金費率,DEGENUSDT_binance_bybit,0.0,0.0,10000.0,10000.0,889.85,889.85,10889.85
295,2025-03-15 08:00:00,資金費率,GOATUSDT_binance_bybit,0.1,8.272e-05,10000.0,10000.0,889.85,889.96,10889.96
296,2025-03-15 08:00:00,資金費率,ATHUSDT_binance_bybit,1.03,0.00082005,10000.0,10000.0,889.96,890.98,10890.98
297,2025-03-16 08:00:00,資金費率,XCNUSDT_binance_bybit,2.53,0.00202549,10000.0,10000.0,890.98,893.51,10893.51
298,2025-03-16 08:00:00,資金費率,DEGENUSDT_binance_bybit,0.0,0.0,10000.0,10000.0,893.51,893.51,10893.51
299,2025-03-16 08:00:00,資金費率,GOATUSDT_binance_bybit,0.0,0.0,10000.0,10000.0,893.51,893.51,10893.51
300,2025-03-16 08:00:00,資金費率,ATHUSDT_binance_bybit,0.54,0.00043212,10000.0,10000.0,893.51,894.05,10894.05
301,2025-03-17 08:00:00,資金費率,XCNUSDT_binance_bybit,4.54,0.0036346,10000.0,10000.0,894.05,898.6,10898.6
302,2025-03-17 08:00:00,資金費率,DEGENUSDT_binance_bybit,0.13,0.00010285,10000.0,10000.0,898.6,898.73,10898.73
303,2025-03-17 08:00:00,資金費率,GOATUSDT_binance_bybit,-0.4,-0.00032191,10000.0,10000.0,898.73,898.32,10898.32
304,2025-03-17 08:00:00,資金費率,ATHUSDT_binance_bybit,0.74,0.00058812,10000.0,10000.0,898.32,899.06,10899.06
305,2025-03-18 08:00:00,資金費率,XCNUSDT_binance_bybit,2.64,0.00211182,10000.0,10000.0,899.06,901.7,10901.7
306,2025-03-18 08:00:00,資金費率,DEGENUSDT_binance_bybit,0.04,2.998e-05,10000.0,10000.0,901.7,901.74,10901.74
307,2025-03-18 08:00:00,資金費率,GOATUSDT_binance_bybit,0.21,0.00016536,10000.0,10000.0,901.74,901.94,10901.94
308,2025-03-18 08:00:00,資金費率,ATHUSDT_binance_bybit,1.28,0.00102239,10000.0,10000.0,901.94,903.22,10903.22
309,2025-03-19 08:00:00,資金費率,XCNUSDT_binance_bybit,2.04,0.00163114,10000.0,10000.0,903.22,905.26,10905.26
310,2025-03-19 08:00:00,資金費率,DEGENUSDT_binance_bybit,0.28,0.00022412,10000.0,10000.0,905.26,905.54,10905.54
311,2025-03-19 08:00:00,資金費率,GOATUSDT_binance_bybit,0.68,0.00054472,10000.0,10000.0,905.54,906.22,10906.22
312,2025-03-19 08:00:00,資金費率,ATHUSDT_binance_bybit,1.09,0.00087165,10000.0,10000.0,906.22,907.31,10907.31
313,2025-03-20 08:00:00,資金費率,XCNUSDT_binance_bybit,1.43,0.00114155,10000.0,10000.0,907.31,908.74,10908.74
314,2025-03-20 08:00:00,資金費率,DEGENUSDT_binance_bybit,0.31,0.0002453,10000.0,10000.0,908.74,909.04,10909.04
315,2025-03-20 08:00:00,資金費率,GOATUSDT_binance_bybit,0.31,0.00024707,10000.0,10000.0,909.04,909.35,10909.35
316,2025-03-20 08:00:00,資金費率,ATHUSDT_binance_bybit,-0.05,-4.11e-05,10000.0,10000.0,909.35,909.3,10909.3
317,2025-03-21 08:00:00,資金費率,XCNUSDT_binance_bybit,4.02,0.00321593,10000.0,10000.0,909.3,913.32,10913.32
318,2025-03-21 08:00:00,資金費率,DEGENUSDT_binance_bybit,0.25,0.00020123,10000.0,10000.0,913.32,913.57,10913.57
319,2025-03-21 08:00:00,資金費率,GOATUSDT_binance_bybit,0.09,7.464e-05,10000.0,10000.0,913.57,913.67,10913.67
320,2025-03-21 08:00:00,資金費率,ATHUSDT_binance_bybit,-0.37,-0.0003,10000.0,10000.0,913.67,913.29,10913.29
321,2025-03-22 08:00:00,資金費率,XCNUSDT_binance_bybit,2.62,0.0020935,10000.0,10000.0,913.29,915.91,10915.91
322,2025-03-22 08:00:00,資金費率,DEGENUSDT_binance_bybit,0.06,5.001e-05,10000.0,10000.0,915.91,915.97,10915.97
323,2025-03-22 08:00:00,資金費率,GOATUSDT_binance_bybit,0.37,0.00029775,10000.0,10000.0,915.97,916.34,10916.34
324,2025-03-22 08:00:00,資金費率,ATHUSDT_binance_bybit,-0.37,-0.00029319,10000.0,10000.0,916.34,915.98,10915.98
325,2025-03-23 08:00:00,資金費率,XCNUSDT_binance_bybit,-0.13,-0.00010628,10000.0,10000.0,915.98,915.84,10915.84
326,2025-03-23 08:00:00,資金費率,DEGENUSDT_binance_bybit,0.0,0.0,10000.0,10000.0,915.84,915.84,10915.84
327,2025-03-23 08:00:00,資金費率,GOATUSDT_binance_bybit,0.0,0.0,10000.0,10000.0,915.84,915.84,10915.84
328,2025-03-23 08:00:00,資金費率,ATHUSDT_binance_bybit,0.09,7.396e-05,10000.0,10000.0,915.84,915.94,10915.94
329,2025-03-24 08:00:00,資金費率,XCNUSDT_binance_bybit,2.24,0.0017931,10000.0,10000.0,915.94,918.18,10918.18
330,2025-03-24 08:00:00,資金費率,DEGENUSDT_binance_bybit,0.09,7.011e-05,10000.0,10000.0,918.18,918.26,10918.26
331,2025-03-24 08:00:00,資金費率,GOATUSDT_binance_bybit,0.73,0.00058324,10000.0,10000.0,918.26,918.99,10918.99
332,2025-03-24 08:00:00,資金費率,ATHUSDT_binance_bybit,0.6,0.00047668,10000.0,10000.0,918.99,919.59,10919.59
333,2025-03-25 08:00:00,資金費率,XCNUSDT_binance_bybit,1.89,0.00151167,10000.0,10000.0,919.59,921.48,10921.48
334,2025-03-25 08:00:00,資金費率,DEGENUSDT_binance_bybit,0.0,0.0,10000.0,10000.0,921.48,921.48,10921.48
335,2025-03-25 08:00:00,資金費率,GOATUSDT_binance_bybit,0.07,5.42e-05,10000.0,10000.0,921.48,921.55,10921.55
336,2025-03-25 08:00:00,資金費率,ATHUSDT_binance_bybit,0.18,0.00014619,10000.0,10000.0,921.55,921.73,10921.73
337,2025-03-26 08:00:00,資金費率,XCNUSDT_binance_bybit,2.67,0.00213596,10000.0,10000.0,921.73,924.4,10924.4
338,2025-03-26 08:00:00,資金費率,DEGENUSDT_binance_bybit,0.01,4.1e-06,10000.0,10000.0,924.4,924.4,10924.4
339,2025-03-26 08:00:00,資金費率,GOATUSDT_binance_bybit,0.42,0.0003321,10000.0,10000.0,924.4,924.82,10924.82
340,2025-03-26 08:00:00,資金費率,ATHUSDT_binance_bybit,-0.14,-0.00011087,10000.0,10000.0,924.82,924.68,10924.68
341,2025-03-27 08:00:00,資金費率,XCNUSDT_binance_bybit,4.96,0.00396524,10000.0,10000.0,924.68,929.64,10929.64
342,2025-03-27 08:00:00,資金費率,DEGENUSDT_binance_bybit,0.36,0.00028804,10000.0,10000.0,929.64,930.0,10930.0
343,2025-03-27 08:00:00,資金費率,GOATUSDT_binance_bybit,0.76,0.00060753,10000.0,10000.0,930.0,930.76,10930.76
344,2025-03-27 08:00:00,資金費率,ATHUSDT_binance_bybit,-0.37,-0.00029376,10000.0,10000.0,930.76,930.39,10930.39
345,2025-03-28 08:00:00,資金費率,XCNUSDT_binance_bybit,2.11,0.00169056,10000.0,10000.0,930.39,932.5,10932.5
346,2025-03-28 08:00:00,資金費率,DEGENUSDT_binance_bybit,0.0,0.0,10000.0,10000.0,932.5,932.5,10932.5
347,2025-03-28 08:00:00,資金費率,GOATUSDT_binance_bybit,0.0,0.0,10000.0,10000.0,932.5,932.5,10932.5
348,2025-03-28 08:00:00,資金費率,ATHUSDT_binance_bybit,1.48,0.00118711,10000.0,10000.0,932.5,933.99,10933.99
349,2025-03-29 08:00:00,資金費率,XCNUSDT_binance_bybit,0.64,0.00051341,10000.0,10000.0,933.99,934.63,10934.63
350,2025-03-29 08:00:00,資金費率,DEGENUSDT_binance_bybit,0.48,0.00038031,10000.0,10000.0,934.63,935.1,10935.1
351,2025-03-29 08:00:00,資金費率,GOATUSDT_binance_bybit,1.3,0.00104246,10000.0,10000.0,935.1,936.41,10936.41
352,2025-03-29 08:00:00,資金費率,ATHUSDT_binance_bybit,1.15,0.000917,10000.0,10000.0,936.41,937.55,10937.55
353,2025-03-30 08:00:00,資金費率,XCNUSDT_binance_bybit,1.42,0.00113518,10000.0,10000.0,937.55,938.97,10938.97
354,2025-03-30 08:00:00,資金費率,DEGENUSDT_binance_bybit,0.13,0.00010637,10000.0,10000.0,938.97,939.11,10939.11
355,2025-03-30 08:00:00,資金費率,GOATUSDT_binance_bybit,-0.4,-0.0003175,10000.0,10000.0,939.11,938.71,10938.71
356,2025-03-30 08:00:00,資金費率,ATHUSDT_binance_bybit,1.93,0.00154191,10000.0,10000.0,938.71,940.64,10940.64
357,2025-03-31 08:00:00,資金費率,XCNUSDT_binance_bybit,3.06,0.00244488,10000.0,10000.0,940.64,943.69,10943.69
358,2025-03-31 08:00:00,資金費率,DEGENUSDT_binance_bybit,0.26,0.000209,10000.0,10000.0,943.69,943.95,10943.95
359,2025-03-31 08:00:00,資金費率,GOATUSDT_binance_bybit,0.24,0.00019033,10000.0,10000.0,943.95,944.19,10944.19
360,2025-03-31 08:00:00,資金費率,ATHUSDT_binance_bybit,1.05,0.00083618,10000.0,10000.0,944.19,945.24,10945.24
361,2025-04-01 08:00:00,資金費率,XCNUSDT_binance_bybit,-0.28,-0.00022089,10000.0,10000.0,945.24,944.96,10944.96
362,2025-04-01 08:00:00,資金費率,DEGENUSDT_binance_bybit,0.19,0.00015016,10000.0,10000.0,944.96,945.15,10945.15
363,2025-04-01 08:00:00,資金費率,GOATUSDT_binance_bybit,0.07,5.262e-05,10000.0,10000.0,945.15,945.21,10945.21
364,2025-04-01 08:00:00,資金費率,ATHUSDT_binance_bybit,0.27,0.00021789,10000.0,10000.0,945.21,945.49,10945.49
365,2025-04-02 08:00:00,資金費率,XCNUSDT_binance_bybit,-0.37,-0.0003,10000.0,10000.0,945.49,945.11,10945.11
366,2025-04-02 08:00:00,資金費率,DEGENUSDT_binance_bybit,0.17,0.00013427,10000.0,10000.0,945.11,945.28,10945.28
367,2025-04-02 08:00:00,資金費率,GOATUSDT_binance_bybit,0.49,0.00039598,10000.0,10000.0,945.28,945.77,10945.77
368,2025-04-02 08:00:00,資金費率,ATHUSDT_binance_bybit,0.33,0.00026074,10000.0,10000.0,945.77,946.1,10946.1
369,2025-04-03 08:00:00,資金費率,XCNUSDT_binance_bybit,1.44,0.00115131,10000.0,10000.0,946.1,947.54,10947.54
370,2025-04-03 08:00:00,資金費率,DEGENUSDT_binance_bybit,0.18,0.0001423,10000.0,10000.0,947.54,947.72,10947.72
371,2025-04-03 08:00:00,資金費率,GOATUSDT_binance_bybit,-0.35,-0.00027728,10000.0,10000.0,947.72,947.37,10947.37
372,2025-04-03 08:00:00,資金費率,ATHUSDT_binance_bybit,-1.46,-0.00116974,10000.0,10000.0,947.37,945.91,10945.91
373,2025-04-04 08:00:00,資金費率,XCNUSDT_binance_bybit,-0.27,-0.00021411,10000.0,10000.0,945.91,945.64,10945.64
374,2025-04-04 08:00:00,資金費率,DEGENUSDT_binance_bybit,0.68,0.00054247,10000.0,10000.0,945.64,946.32,10946.32
375,2025-04-04 08:00:00,資金費率,GOATUSDT_binance_bybit,-0.04,-2.85e-05,10000.0,10000.0,946.32,946.28,10946.28
376,2025-04-04 08:00:00,資金費率,ATHUSDT_binance_bybit,1.01,0.00080424,10000.0,10000.0,946.28,947.29,10947.29
377,2025-04-05 08:00:00,資金費率,XCNUSDT_binance_bybit,0.27,0.00021344,10000.0,10000.0,947.29,947.56,10947.56
378,2025-04-05 08:00:00,資金費率,DEGENUSDT_binance_bybit,0.19,0.00014913,10000.0,10000.0,947.56,947.74,10947.74
379,2025-04-05 08:00:00,資金費率,GOATUSDT_binance_bybit,0.78,0.00062342,10000.0,10000.0,947.74,948.52,10948.52
380,2025-04-05 08:00:00,資金費率,ATHUSDT_binance_bybit,-0.22,-0.00017668,10000.0,10000.0,948.52,948.3,10948.3
381,2025-04-06 08:00:00,資金費率,XCNUSDT_binance_bybit,-0.37,-0.0003,10000.0,10000.0,948.3,947.93,10947.93
382,2025-04-06 08:00:00,資金費率,DEGENUSDT_binance_bybit,0.32,0.00025793,10000.0,10000.0,947.93,948.25,10948.25
383,2025-04-06 08:00:00,資金費率,GOATUSDT_binance_bybit,-0.04,-3.285e-05,10000.0,10000.0,948.25,948.21,10948.21
384,2025-04-06 08:00:00,資金費率,ATHUSDT_binance_bybit,-0.34,-0.00027015,10000.0,10000.0,948.21,947.87,10947.87
385,2025-04-07 08:00:00,資金費率,XCNUSDT_binance_bybit,0.19,0.0001509,10000.0,10000.0,947.87,948.06,10948.06
386,2025-04-07 08:00:00,資金費率,DEGENUSDT_binance_bybit,0.0,0.0,10000.0,10000.0,948.06,948.06,10948.06
387,2025-04-07 08:00:00,資金費率,GOATUSDT_binance_bybit,-0.37,-0.00029522,10000.0,10000.0,948.06,947.69,10947.69
388,2025-04-07 08:00:00,資金費率,ATHUSDT_binance_bybit,0.97,0.00077596,10000.0,10000.0,947.69,948.66,10948.66
389,2025-04-08 08:00:00,資金費率,XCNUSDT_binance_bybit,-0.37,-0.0003,10000.0,10000.0,948.66,948.28,10948.28
390,2025-04-08 08:00:00,資金費率,DEGENUSDT_binance_bybit,0.0,0.0,10000.0,10000.0,948.28,948.28,10948.28
391,2025-04-08 08:00:00,資金費率,GOATUSDT_binance_bybit,-0.99,-0.00079515,10000.0,10000.0,948.28,947.29,10947.29
392,2025-04-08 08:00:00,資金費率,ATHUSDT_binance_bybit,0.7,0.00056127,10000.0,10000.0,947.29,947.99,10947.99
393,2025-04-08 08:00:00,離場,GOATUSDT_binance_bybit,2500.0,-,10000.0,7500.0,947.99,3447.99,10947.99
394,2025-04-08 08:00:00,離場手續費,GOATUSDT_binance_bybit,-1.75,-,7500.0,7500.0,3447.99,3446.24,10946.24
394,2025-04-08 08:00:00,進場,SYRUPUSDT_binance_bybit,-2500.0,-,7500.0,10000.0,3446.24,946.24,10946.24
395,2025-04-08 08:00:00,進場手續費,SYRUPUSDT_binance_bybit,-1.75,-,10000.0,10000.0,946.24,944.49,10944.49
395,2025-04-09 08:00:00,資金費率,XCNUSDT_binance_bybit,-0.37,-0.0003,10000.0,10000.0,944.49,944.12,10944.12
396,2025-04-09 08:00:00,資金費率,DEGENUSDT_binance_bybit,0.0,0.0,10000.0,10000.0,944.12,944.12,10944.12
397,2025-04-09 08:00:00,資金費率,ATHUSDT_binance_bybit,0.61,0.00048855,10000.0,10000.0,944.12,944.73,10944.73
398,2025-04-09 08:00:00,資金費率,SYRUPUSDT_binance_bybit,0.0,0.0,10000.0,10000.0,944.73,944.73,10944.73
399,2025-04-10 08:00:00,資金費率,XCNUSDT_binance_bybit,-0.26,-0.00020433,10000.0,10000.0,944.73,944.47,10944.47
400,2025-04-10 08:00:00,資金費率,DEGENUSDT_binance_bybit,0.0,0.0,10000.0,10000.0,944.47,944.47,10944.47
401,2025-04-10 08:00:00,資金費率,ATHUSDT_binance_bybit,-0.02,-1.653e-05,10000.0,10000.0,944.47,944.45,10944.45
402,2025-04-10 08:00:00,資金費率,SYRUPUSDT_binance_bybit,0.0,0.0,10000.0,10000.0,944.45,944.45,10944.45
403,2025-04-11 08:00:00,資金費率,XCNUSDT_binance_bybit,28.82,0.02305427,10000.0,10000.0,944.45,973.27,10973.27
404,2025-04-11 08:00:00,資金費率,DEGENUSDT_binance_bybit,0.0,0.0,10000.0,10000.0,973.27,973.27,10973.27
405,2025-04-11 08:00:00,資金費率,ATHUSDT_binance_bybit,0.42,0.00033516,10000.0,10000.0,973.27,973.69,10973.69
406,2025-04-11 08:00:00,資金費率,SYRUPUSDT_binance_bybit,0.0,0.0,10000.0,10000.0,973.69,973.69,10973.69
407,2025-04-12 08:00:00,資金費率,XCNUSDT_binance_bybit,38.71,0.03096409,10000.0,10000.0,973.69,1012.39,11012.39
408,2025-04-12 08:00:00,資金費率,DEGENUSDT_binance_bybit,0.09,7.519e-05,10000.0,10000.0,1012.39,1012.49,11012.49
409,2025-04-12 08:00:00,資金費率,ATHUSDT_binance_bybit,-0.16,-0.0001281,10000.0,10000.0,1012.49,1012.33,11012.33
410,2025-04-12 08:00:00,資金費率,SYRUPUSDT_binance_bybit,0.0,0.0,10000.0,10000.0,1012.33,1012.33,11012.33
411,2025-04-13 08:00:00,資金費率,XCNUSDT_binance_bybit,-1.24,-0.00099275,10000.0,10000.0,1012.33,1011.09,11011.09
412,2025-04-13 08:00:00,資金費率,DEGENUSDT_binance_bybit,0.22,0.0001771,10000.0,10000.0,1011.09,1011.31,11011.31
413,2025-04-13 08:00:00,資金費率,ATHUSDT_binance_bybit,0.54,0.00043078,10000.0,10000.0,1011.31,1011.85,11011.85
414,2025-04-13 08:00:00,資金費率,SYRUPUSDT_binance_bybit,0.0,0.0,10000.0,10000.0,1011.85,1011.85,11011.85
415,2025-04-14 08:00:00,資金費率,XCNUSDT_binance_bybit,0.41,0.00032741,10000.0,10000.0,1011.85,1012.25,11012.25
416,2025-04-14 08:00:00,資金費率,DEGENUSDT_binance_bybit,0.06,4.721e-05,10000.0,10000.0,1012.25,1012.31,11012.31
417,2025-04-14 08:00:00,資金費率,ATHUSDT_binance_bybit,1.15,0.00092053,10000.0,10000.0,1012.31,1013.46,11013.46
418,2025-04-14 08:00:00,資金費率,SYRUPUSDT_binance_bybit,0.0,0.0,10000.0,10000.0,1013.46,1013.46,11013.46
419,2025-04-15 08:00:00,資金費率,XCNUSDT_binance_bybit,0.62,0.00049932,10000.0,10000.0,1013.46,1014.09,11014.09
420,2025-04-15 08:00:00,資金費率,DEGENUSDT_binance_bybit,0.09,7.419e-05,10000.0,10000.0,1014.09,1014.18,11014.18
421,2025-04-15 08:00:00,資金費率,ATHUSDT_binance_bybit,0.24,0.00018926,10000.0,10000.0,1014.18,1014.42,11014.42
422,2025-04-15 08:00:00,資金費率,SYRUPUSDT_binance_bybit,0.0,0.0,10000.0,10000.0,1014.42,1014.42,11014.42
423,2025-04-16 08:00:00,資金費率,XCNUSDT_binance_bybit,-1.15,-0.00091655,10000.0,10000.0,1014.42,1013.27,11013.27
424,2025-04-16 08:00:00,資金費率,DEGENUSDT_binance_bybit,0.0,0.0,10000.0,10000.0,1013.27,1013.27,11013.27
425,2025-04-16 08:00:00,資金費率,ATHUSDT_binance_bybit,0.87,0.00069462,10000.0,10000.0,1013.27,1014.14,11014.14
426,2025-04-16 08:00:00,資金費率,SYRUPUSDT_binance_bybit,0.0,0.0,10000.0,10000.0,1014.14,1014.14,11014.14
427,2025-04-17 08:00:00,資金費率,XCNUSDT_binance_bybit,-1.86,-0.00148423,10000.0,10000.0,1014.14,1012.28,11012.28
428,2025-04-17 08:00:00,資金費率,DEGENUSDT_binance_bybit,0.0,0.0,10000.0,10000.0,1012.28,1012.28,11012.28
429,2025-04-17 08:00:00,資金費率,ATHUSDT_binance_bybit,0.45,0.00036284,10000.0,10000.0,1012.28,1012.74,11012.74
430,2025-04-17 08:00:00,資金費率,SYRUPUSDT_binance_bybit,0.0,0.0,10000.0,10000.0,1012.74,1012.74,11012.74
431,2025-04-18 08:00:00,資金費率,XCNUSDT_binance_bybit,-0.91,-0.00072487,10000.0,10000.0,1012.74,1011.83,11011.83
432,2025-04-18 08:00:00,資金費率,DEGENUSDT_binance_bybit,-0.02,-1.508e-05,10000.0,10000.0,1011.83,1011.81,11011.81
433,2025-04-18 08:00:00,資金費率,ATHUSDT_binance_bybit,0.22,0.00017574,10000.0,10000.0,1011.81,1012.03,11012.03
434,2025-04-18 08:00:00,資金費率,SYRUPUSDT_binance_bybit,0.0,0.0,10000.0,10000.0,1012.03,1012.03,11012.03
435,2025-04-19 08:00:00,資金費率,XCNUSDT_binance_bybit,-1.47,-0.00117522,10000.0,10000.0,1012.03,1010.56,11010.56
436,2025-04-19 08:00:00,資金費率,DEGENUSDT_binance_bybit,0.0,0.0,10000.0,10000.0,1010.56,1010.56,11010.56
437,2025-04-19 08:00:00,資金費率,ATHUSDT_binance_bybit,0.05,3.633e-05,10000.0,10000.0,1010.56,1010.61,11010.61
438,2025-04-19 08:00:00,資金費率,SYRUPUSDT_binance_bybit,0.0,0.0,10000.0,10000.0,1010.61,1010.61,11010.61
439,2025-04-20 08:00:00,資金費率,XCNUSDT_binance_bybit,-1.56,-0.00124436,10000.0,10000.0,1010.61,1009.05,11009.05
440,2025-04-20 08:00:00,資金費率,DEGENUSDT_binance_bybit,-0.08,-6.457e-05,10000.0,10000.0,1009.05,1008.97,11008.97
441,2025-04-20 08:00:00,資金費率,ATHUSDT_binance_bybit,0.96,0.00076484,10000.0,10000.0,1008.97,1009.93,11009.93
442,2025-04-20 08:00:00,資金費率,SYRUPUSDT_binance_bybit,0.0,0.0,10000.0,10000.0,1009.93,1009.93,11009.93
443,2025-04-21 08:00:00,資金費率,XCNUSDT_binance_bybit,-0.13,-0.00010538,10000.0,10000.0,1009.93,1009.8,11009.8
444,2025-04-21 08:00:00,資金費率,DEGENUSDT_binance_bybit,0.0,0.0,10000.0,10000.0,1009.8,1009.8,11009.8
445,2025-04-21 08:00:00,資金費率,ATHUSDT_binance_bybit,0.21,0.00016604,10000.0,10000.0,1009.8,1010.01,11010.01
446,2025-04-21 08:00:00,資金費率,SYRUPUSDT_binance_bybit,0.0,0.0,10000.0,10000.0,1010.01,1010.01,11010.01
447,2025-04-22 08:00:00,資金費率,XCNUSDT_binance_bybit,-2.24,-0.00178801,10000.0,10000.0,1010.01,1007.77,11007.77
448,2025-04-22 08:00:00,資金費率,DEGENUSDT_binance_bybit,0.06,4.534e-05,10000.0,10000.0,1007.77,1007.83,11007.83
449,2025-04-22 08:00:00,資金費率,ATHUSDT_binance_bybit,0.32,0.00025751,10000.0,10000.0,1007.83,1008.15,11008.15
450,2025-04-22 08:00:00,資金費率,SYRUPUSDT_binance_bybit,0.0,0.0,10000.0,10000.0,1008.15,1008.15,11008.15
451,2025-04-23 08:00:00,資金費率,XCNUSDT_binance_bybit,-1.0,-0.00080231,10000.0,10000.0,1008.15,1007.15,11007.15
452,2025-04-23 08:00:00,資金費率,DEGENUSDT_binance_bybit,0.23,0.00018043,10000.0,10000.0,1007.15,1007.37,11007.37
453,2025-04-23 08:00:00,資金費率,ATHUSDT_binance_bybit,1.27,0.00101694,10000.0,10000.0,1007.37,1008.64,11008.64
454,2025-04-23 08:00:00,資金費率,SYRUPUSDT_binance_bybit,0.0,0.0,10000.0,10000.0,1008.64,1008.64,11008.64
455,2025-04-24 08:00:00,資金費率,XCNUSDT_binance_bybit,-1.24,-0.00099398,10000.0,10000.0,1008.64,1007.4,11007.4
456,2025-04-24 08:00:00,資金費率,DEGENUSDT_binance_bybit,0.0,0.0,10000.0,10000.0,1007.4,1007.4,11007.4
457,2025-04-24 08:00:00,資金費率,ATHUSDT_binance_bybit,0.04,3.448e-05,10000.0,10000.0,1007.4,1007.44,11007.44
458,2025-04-24 08:00:00,資金費率,SYRUPUSDT_binance_bybit,0.0,0.0,10000.0,10000.0,1007.44,1007.44,11007.44
459,2025-04-25 08:00:00,資金費率,XCNUSDT_binance_bybit,-1.01,-0.0008095,10000.0,10000.0,1007.44,1006.43,11006.43
460,2025-04-25 08:00:00,資金費率,DEGENUSDT_binance_bybit,0.0,0.0,10000.0,10000.0,1006.43,1006.43,11006.43
461,2025-04-25 08:00:00,資金費率,ATHUSDT_binance_bybit,1.15,0.00092281,10000.0,10000.0,1006.43,1007.58,11007.58
462,2025-04-25 08:00:00,資金費率,SYRUPUSDT_binance_bybit,0.0,0.0,10000.0,10000.0,1007.58,1007.58,11007.58
463,2025-04-26 08:00:00,資金費率,XCNUSDT_binance_bybit,-0.56,-0.00045021,10000.0,10000.0,1007.58,1007.02,11007.02
464,2025-04-26 08:00:00,資金費率,DEGENUSDT_binance_bybit,0.0,0.0,10000.0,10000.0,1007.02,1007.02,11007.02
465,2025-04-26 08:00:00,資金費率,ATHUSDT_binance_bybit,0.0,0.0,10000.0,10000.0,1007.02,1007.02,11007.02
466,2025-04-26 08:00:00,資金費率,SYRUPUSDT_binance_bybit,0.0,0.0,10000.0,10000.0,1007.02,1007.02,11007.02
467,2025-04-27 08:00:00,資金費率,XCNUSDT_binance_bybit,0.21,0.00017075,10000.0,10000.0,1007.02,1007.24,11007.24
468,2025-04-27 08:00:00,資金費率,DEGENUSDT_binance_bybit,0.0,0.0,10000.0,10000.0,1007.24,1007.24,11007.24
469,2025-04-27 08:00:00,資金費率,ATHUSDT_binance_bybit,0.05,3.63e-05,10000.0,10000.0,1007.24,1007.28,11007.28
470,2025-04-27 08:00:00,資金費率,SYRUPUSDT_binance_bybit,0.0,0.0,10000.0,10000.0,1007.28,1007.28,11007.28
471,2025-04-28 08:00:00,資金費率,XCNUSDT_binance_bybit,-0.38,-0.00030021,10000.0,10000.0,1007.28,1006.91,11006.91
472,2025-04-28 08:00:00,資金費率,DEGENUSDT_binance_bybit,0.06,5.083e-05,10000.0,10000.0,1006.91,1006.97,11006.97
473,2025-04-28 08:00:00,資金費率,ATHUSDT_binance_bybit,0.64,0.00051462,10000.0,10000.0,1006.97,1007.61,11007.61
474,2025-04-28 08:00:00,資金費率,SYRUPUSDT_binance_bybit,0.0,0.0,10000.0,10000.0,1007.61,1007.61,11007.61
475,2025-04-29 08:00:00,資金費率,XCNUSDT_binance_bybit,-0.53,-0.0004265,10000.0,10000.0,1007.61,1007.08,11007.08
476,2025-04-29 08:00:00,資金費率,DEGENUSDT_binance_bybit,0.01,6.39e-06,10000.0,10000.0,1007.08,1007.09,11007.09
477,2025-04-29 08:00:00,資金費率,ATHUSDT_binance_bybit,-4.1,-0.00328372,10000.0,10000.0,1007.09,1002.98,11002.98
478,2025-04-29 08:00:00,資金費率,SYRUPUSDT_binance_bybit,0.0,0.0,10000.0,10000.0,1002.98,1002.98,11002.98
479,2025-04-30 08:00:00,資金費率,XCNUSDT_binance_bybit,-0.5,-0.00039935,10000.0,10000.0,1002.98,1002.48,11002.48
480,2025-04-30 08:00:00,資金費率,DEGENUSDT_binance_bybit,0.07,5.731e-05,10000.0,10000.0,1002.48,1002.56,11002.56
481,2025-04-30 08:00:00,資金費率,ATHUSDT_binance_bybit,0.71,0.00056774,10000.0,10000.0,1002.56,1003.26,11003.26
482,2025-04-30 08:00:00,資金費率,SYRUPUSDT_binance_bybit,0.0,0.0,10000.0,10000.0,1003.26,1003.26,11003.26
483,2025-05-01 08:00:00,資金費率,XCNUSDT_binance_bybit,0.1,8.213e-05,10000.0,10000.0,1003.26,1003.37,11003.37
484,2025-05-01 08:00:00,資金費率,DEGENUSDT_binance_bybit,0.05,3.808e-05,10000.0,10000.0,1003.37,1003.42,11003.42
485,2025-05-01 08:00:00,資金費率,ATHUSDT_binance_bybit,1.56,0.00124829,10000.0,10000.0,1003.42,1004.98,11004.98
486,2025-05-01 08:00:00,資金費率,SYRUPUSDT_binance_bybit,0.0,0.0,10000.0,10000.0,1004.98,1004.98,11004.98
487,2025-05-02 08:00:00,資金費率,XCNUSDT_binance_bybit,-2.37,-0.00189238,10000.0,10000.0,1004.98,1002.61,11002.61
488,2025-05-02 08:00:00,資金費率,DEGENUSDT_binance_bybit,0.36,0.00028695,10000.0,10000.0,1002.61,1002.97,11002.97
489,2025-05-02 08:00:00,資金費率,ATHUSDT_binance_bybit,0.43,0.00034431,10000.0,10000.0,1002.97,1003.4,11003.4
490,2025-05-02 08:00:00,資金費率,SYRUPUSDT_binance_bybit,0.0,0.0,10000.0,10000.0,1003.4,1003.4,11003.4
491,2025-05-03 08:00:00,資金費率,XCNUSDT_binance_bybit,-1.37,-0.00109818,10000.0,10000.0,1003.4,1002.03,11002.03
492,2025-05-03 08:00:00,資金費率,DEGENUSDT_binance_bybit,0.41,0.00032926,10000.0,10000.0,1002.03,1002.44,11002.44
493,2025-05-03 08:00:00,資金費率,ATHUSDT_binance_bybit,0.68,0.00054308,10000.0,10000.0,1002.44,1003.12,11003.12
494,2025-05-03 08:00:00,資金費率,SYRUPUSDT_binance_bybit,0.0,0.0,10000.0,10000.0,1003.12,1003.12,11003.12
495,2025-05-04 08:00:00,資金費率,XCNUSDT_binance_bybit,0.62,0.00049491,10000.0,10000.0,1003.12,1003.74,11003.74
496,2025-05-04 08:00:00,資金費率,DEGENUSDT_binance_bybit,-0.13,-0.0001002,10000.0,10000.0,1003.74,1003.61,11003.61
497,2025-05-04 08:00:00,資金費率,ATHUSDT_binance_bybit,0.36,0.00028965,10000.0,10000.0,1003.61,1003.97,11003.97
498,2025-05-04 08:00:00,資金費率,SYRUPUSDT_binance_bybit,0.0,0.0,10000.0,10000.0,1003.97,1003.97,11003.97
499,2025-05-05 08:00:00,資金費率,XCNUSDT_binance_bybit,-1.6,-0.00128127,10000.0,10000.0,1003.97,1002.37,11002.37
500,2025-05-05 08:00:00,資金費率,DEGENUSDT_binance_bybit,-0.39,-0.00030903,10000.0,10000.0,1002.37,1001.98,11001.98
501,2025-05-05 08:00:00,資金費率,ATHUSDT_binance_bybit,0.13,0.00010164,10000.0,10000.0,1001.98,1002.11,11002.11
502,2025-05-05 08:00:00,資金費率,SYRUPUSDT_binance_bybit,0.0,0.0,10000.0,10000.0,1002.11,1002.11,11002.11
503,2025-05-06 08:00:00,資金費率,XCNUSDT_binance_bybit,0.67,0.00053257,10000.0,10000.0,1002.11,1002.78,11002.78
504,2025-05-06 08:00:00,資金費率,DEGENUSDT_binance_bybit,0.0,0.0,10000.0,10000.0,1002.78,1002.78,11002.78
505,2025-05-06 08:00:00,資金費率,ATHUSDT_binance_bybit,0.04,3.268e-05,10000.0,10000.0,1002.78,1002.82,11002.82
506,2025-05-06 08:00:00,資金費率,SYRUPUSDT_binance_bybit,0.0,0.0,10000.0,10000.0,1002.82,1002.82,11002.82
507,2025-05-07 08:00:00,資金費率,XCNUSDT_binance_bybit,-1.48,-0.00118439,10000.0,10000.0,1002.82,1001.34,11001.34
508,2025-05-07 08:00:00,資金費率,DEGENUSDT_binance_bybit,-0.38,-0.00030536,10000.0,10000.0,1001.34,1000.96,11000.96
509,2025-05-07 08:00:00,資金費率,ATHUSDT_binance_bybit,0.0,0.0,10000.0,10000.0,1000.96,1000.96,11000.96
510,2025-05-07 08:00:00,資金費率,SYRUPUSDT_binance_bybit,0.12,0.0001,10000.0,10000.0,1000.96,1001.08,11001.08
511,2025-05-07 08:00:00,離場,SYRUPUSDT_binance_bybit,2500.0,-,10000.0,7500.0,1001.08,3501.08,11001.08
512,2025-05-07 08:00:00,離場手續費,SYRUPUSDT_binance_bybit,-1.75,-,7500.0,7500.0,3501.08,3499.33,10999.33
512,2025-05-07 08:00:00,進場,AUSDT_binance_bybit,-2500.0,-,7500.0,10000.0,3499.33,999.33,10999.33
513,2025-05-07 08:00:00,進場手續費,AUSDT_binance_bybit,-1.75,-,10000.0,10000.0,999.33,997.58,10997.58
513,2025-05-08 08:00:00,資金費率,XCNUSDT_binance_bybit,-1.6,-0.00127795,10000.0,10000.0,997.58,995.98,10995.98
514,2025-05-08 08:00:00,資金費率,DEGENUSDT_binance_bybit,0.79,0.00062944,10000.0,10000.0,995.98,996.77,10996.77
515,2025-05-08 08:00:00,資金費率,ATHUSDT_binance_bybit,0.0,0.0,10000.0,10000.0,996.77,996.77,10996.77
516,2025-05-08 08:00:00,資金費率,AUSDT_binance_bybit,0.0,0.0,10000.0,10000.0,996.77,996.77,10996.77
517,2025-05-09 08:00:00,資金費率,XCNUSDT_binance_bybit,-0.89,-0.00071248,10000.0,10000.0,996.77,995.88,10995.88
518,2025-05-09 08:00:00,資金費率,DEGENUSDT_binance_bybit,0.06,4.444e-05,10000.0,10000.0,995.88,995.94,10995.94
519,2025-05-09 08:00:00,資金費率,ATHUSDT_binance_bybit,0.0,0.0,10000.0,10000.0,995.94,995.94,10995.94
520,2025-05-09 08:00:00,資金費率,AUSDT_binance_bybit,0.0,0.0,10000.0,10000.0,995.94,995.94,10995.94
521,2025-05-10 08:00:00,資金費率,XCNUSDT_binance_bybit,0.0,0.0,10000.0,10000.0,995.94,995.94,10995.94
522,2025-05-10 08:00:00,資金費率,DEGENUSDT_binance_bybit,0.0,0.0,10000.0,10000.0,995.94,995.94,10995.94
523,2025-05-10 08:00:00,資金費率,ATHUSDT_binance_bybit,0.0,0.0,10000.0,10000.0,995.94,995.94,10995.94
524,2025-05-10 08:00:00,資金費率,AUSDT_binance_bybit,0.0,0.0,10000.0,10000.0,995.94,995.94,10995.94
525,2025-05-11 08:00:00,資金費率,XCNUSDT_binance_bybit,0.0,0.0,10000.0,10000.0,995.94,995.94,10995.94
526,2025-05-11 08:00:00,資金費率,DEGENUSDT_binance_bybit,0.0,0.0,10000.0,10000.0,995.94,995.94,10995.94
527,2025-05-11 08:00:00,資金費率,ATHUSDT_binance_bybit,0.0,0.0,10000.0,10000.0,995.94,995.94,10995.94
528,2025-05-11 08:00:00,資金費率,AUSDT_binance_bybit,0.0,0.0,10000.0,10000.0,995.94,995.94,10995.94
529,2025-05-12 08:00:00,資金費率,XCNUSDT_binance_bybit,-0.6,-0.00048142,10000.0,10000.0,995.94,995.33,10995.33
530,2025-05-12 08:00:00,資金費率,DEGENUSDT_binance_bybit,0.0,0.0,10000.0,10000.0,995.33,995.33,10995.33
531,2025-05-12 08:00:00,資金費率,ATHUSDT_binance_bybit,0.02,1.557e-05,10000.0,10000.0,995.33,995.35,10995.35
532,2025-05-12 08:00:00,資金費率,AUSDT_binance_bybit,0.0,0.0,10000.0,10000.0,995.35,995.35,10995.35
533,2025-05-13 08:00:00,資金費率,XCNUSDT_binance_bybit,-0.16,-0.00013049,10000.0,10000.0,995.35,995.19,10995.19
534,2025-05-13 08:00:00,資金費率,DEGENUSDT_binance_bybit,-0.59,-0.00047453,10000.0,10000.0,995.19,994.6,10994.6
535,2025-05-13 08:00:00,資金費率,ATHUSDT_binance_bybit,0.0,0.0,10000.0,10000.0,994.6,994.6,10994.6
536,2025-05-13 08:00:00,資金費率,AUSDT_binance_bybit,0.0,0.0,10000.0,10000.0,994.6,994.6,10994.6
537,2025-05-14 08:00:00,資金費率,XCNUSDT_binance_bybit,-0.29,-0.00023443,10000.0,10000.0,994.6,994.3,10994.3
538,2025-05-14 08:00:00,資金費率,DEGENUSDT_binance_bybit,0.57,0.00045472,10000.0,10000.0,994.3,994.87,10994.87
539,2025-05-14 08:00:00,資金費率,ATHUSDT_binance_bybit,0.02,1.586e-05,10000.0,10000.0,994.87,994.89,10994.89
540,2025-05-14 08:00:00,資金費率,AUSDT_binance_bybit,0.0,0.0,10000.0,10000.0,994.89,994.89,10994.89
541,2025-05-15 08:00:00,資金費率,XCNUSDT_binance_bybit,-0.63,-0.00050545,10000.0,10000.0,994.89,994.26,10994.26
542,2025-05-15 08:00:00,資金費率,DEGENUSDT_binance_bybit,0.16,0.00012554,10000.0,10000.0,994.26,994.42,10994.42
543,2025-05-15 08:00:00,資金費率,ATHUSDT_binance_bybit,0.69,0.00055474,10000.0,10000.0,994.42,995.11,10995.11
544,2025-05-15 08:00:00,資金費率,AUSDT_binance_bybit,0.0,0.0,10000.0,10000.0,995.11,995.11,10995.11
545,2025-05-16 08:00:00,資金費率,XCNUSDT_binance_bybit,-2.03,-0.00162686,10000.0,10000.0,995.11,993.08,10993.08
546,2025-05-16 08:00:00,資金費率,DEGENUSDT_binance_bybit,0.18,0.00014549,10000.0,10000.0,993.08,993.26,10993.26
547,2025-05-16 08:00:00,資金費率,ATHUSDT_binance_bybit,0.21,0.00016802,10000.0,10000.0,993.26,993.47,10993.47
548,2025-05-16 08:00:00,資金費率,AUSDT_binance_bybit,0.0,0.0,10000.0,10000.0,993.47,993.47,10993.47
549,2025-05-17 08:00:00,資金費率,XCNUSDT_binance_bybit,-1.91,-0.00152934,10000.0,10000.0,993.47,991.56,10991.56
550,2025-05-17 08:00:00,資金費率,DEGENUSDT_binance_bybit,0.0,0.0,10000.0,10000.0,991.56,991.56,10991.56
551,2025-05-17 08:00:00,資金費率,ATHUSDT_binance_bybit,0.0,0.0,10000.0,10000.0,991.56,991.56,10991.56
552,2025-05-17 08:00:00,資金費率,AUSDT_binance_bybit,0.0,0.0,10000.0,10000.0,991.56,991.56,10991.56
553,2025-05-18 08:00:00,資金費率,XCNUSDT_binance_bybit,-0.99,-0.00079337,10000.0,10000.0,991.56,990.57,10990.57
554,2025-05-18 08:00:00,資金費率,DEGENUSDT_binance_bybit,-0.27,-0.00021366,10000.0,10000.0,990.57,990.3,10990.3
555,2025-05-18 08:00:00,資金費率,ATHUSDT_binance_bybit,0.0,0.0,10000.0,10000.0,990.3,990.3,10990.3
556,2025-05-18 08:00:00,資金費率,AUSDT_binance_bybit,0.0,0.0,10000.0,10000.0,990.3,990.3,10990.3
557,2025-05-19 08:00:00,資金費率,XCNUSDT_binance_bybit,-1.09,-0.00086888,10000.0,10000.0,990.3,989.21,10989.21
558,2025-05-19 08:00:00,資金費率,DEGENUSDT_binance_bybit,-0.37,-0.00029362,10000.0,10000.0,989.21,988.85,10988.85
559,2025-05-19 08:00:00,資金費率,ATHUSDT_binance_bybit,0.0,0.0,10000.0,10000.0,988.85,988.85,10988.85
560,2025-05-19 08:00:00,資金費率,AUSDT_binance_bybit,0.0,0.0,10000.0,10000.0,988.85,988.85,10988.85
561,2025-05-19 08:00:00,離場,DEGENUSDT_binance_bybit,2500.0,-,10000.0,7500.0,988.85,3488.85,10988.85
562,2025-05-19 08:00:00,離場手續費,DEGENUSDT_binance_bybit,-1.75,-,7500.0,7500.0,3488.85,3487.1,10987.1
562,2025-05-19 08:00:00,進場,ALCHUSDT_binance_bybit,-2500.0,-,7500.0,10000.0,3487.1,987.1,10987.1
563,2025-05-19 08:00:00,進場手續費,ALCHUSDT_binance_bybit,-1.75,-,10000.0,10000.0,987.1,985.35,10985.35
563,2025-05-20 08:00:00,資金費率,XCNUSDT_binance_bybit,-0.45,-0.00035816,10000.0,10000.0,985.35,984.9,10984.9
564,2025-05-20 08:00:00,資金費率,ATHUSDT_binance_bybit,0.18,0.0001435,10000.0,10000.0,984.9,985.08,10985.08
565,2025-05-20 08:00:00,資金費率,AUSDT_binance_bybit,0.0,0.0,10000.0,10000.0,985.08,985.08,10985.08
566,2025-05-20 08:00:00,資金費率,ALCHUSDT_binance_bybit,0.24,0.00018993,10000.0,10000.0,985.08,985.31,10985.31
567,2025-05-21 08:00:00,資金費率,XCNUSDT_binance_bybit,-0.29,-0.00023184,10000.0,10000.0,985.31,985.02,10985.02
568,2025-05-21 08:00:00,資金費率,ATHUSDT_binance_bybit,0.02,1.403e-05,10000.0,10000.0,985.02,985.04,10985.04
569,2025-05-21 08:00:00,資金費率,AUSDT_binance_bybit,0.0,0.0,10000.0,10000.0,985.04,985.04,10985.04
570,2025-05-21 08:00:00,資金費率,ALCHUSDT_binance_bybit,0.91,0.00072898,10000.0,10000.0,985.04,985.95,10985.95
571,2025-05-22 08:00:00,資金費率,XCNUSDT_binance_bybit,-0.05,-4.158e-05,10000.0,10000.0,985.95,985.9,10985.9
572,2025-05-22 08:00:00,資金費率,ATHUSDT_binance_bybit,0.01,6.18e-06,10000.0,10000.0,985.9,985.91,10985.91
573,2025-05-22 08:00:00,資金費率,AUSDT_binance_bybit,0.0,0.0,10000.0,10000.0,985.91,985.91,10985.91
574,2025-05-22 08:00:00,資金費率,ALCHUSDT_binance_bybit,0.23,0.00018022,10000.0,10000.0,985.91,986.13,10986.13
575,2025-05-23 08:00:00,資金費率,XCNUSDT_binance_bybit,-0.26,-0.00020623,10000.0,10000.0,986.13,985.88,10985.88
576,2025-05-23 08:00:00,資金費率,ATHUSDT_binance_bybit,0.09,7.464e-05,10000.0,10000.0,985.88,985.97,10985.97
577,2025-05-23 08:00:00,資金費率,AUSDT_binance_bybit,0.0,0.0,10000.0,10000.0,985.97,985.97,10985.97
578,2025-05-23 08:00:00,資金費率,ALCHUSDT_binance_bybit,0.03,2.588e-05,10000.0,10000.0,985.97,986.0,10986.0
579,2025-05-24 08:00:00,資金費率,XCNUSDT_binance_bybit,0.01,8.65e-06,10000.0,10000.0,986.0,986.01,10986.01
580,2025-05-24 08:00:00,資金費率,ATHUSDT_binance_bybit,0.0,0.0,10000.0,10000.0,986.01,986.01,10986.01
581,2025-05-24 08:00:00,資金費率,AUSDT_binance_bybit,0.0,0.0,10000.0,10000.0,986.01,986.01,10986.01
582,2025-05-24 08:00:00,資金費率,ALCHUSDT_binance_bybit,0.66,0.00052976,10000.0,10000.0,986.01,986.67,10986.67
583,2025-05-25 08:00:00,資金費率,XCNUSDT_binance_bybit,-0.66,-0.00052616,10000.0,10000.0,986.67,986.02,10986.02
584,2025-05-25 08:00:00,資金費率,ATHUSDT_binance_bybit,0.0,0.0,10000.0,10000.0,986.02,986.02,10986.02
585,2025-05-25 08:00:00,資金費率,AUSDT_binance_bybit,0.0,0.0,10000.0,10000.0,986.02,986.02,10986.02
586,2025-05-25 08:00:00,資金費率,ALCHUSDT_binance_bybit,0.24,0.00019029,10000.0,10000.0,986.02,986.26,10986.26
587,2025-05-26 08:00:00,資金費率,XCNUSDT_binance_bybit,-0.32,-0.00025737,10000.0,10000.0,986.26,985.93,10985.93
588,2025-05-26 08:00:00,資金費率,ATHUSDT_binance_bybit,0.04,3.316e-05,10000.0,10000.0,985.93,985.97,10985.97
589,2025-05-26 08:00:00,資金費率,AUSDT_binance_bybit,0.0,0.0,10000.0,10000.0,985.97,985.97,10985.97
590,2025-05-26 08:00:00,資金費率,ALCHUSDT_binance_bybit,0.0,0.0,10000.0,10000.0,985.97,985.97,10985.97
591,2025-05-27 08:00:00,資金費率,XCNUSDT_binance_bybit,-1.82,-0.0014552,10000.0,10000.0,985.97,984.16,10984.16
592,2025-05-27 08:00:00,資金費率,ATHUSDT_binance_bybit,0.0,0.0,10000.0,10000.0,984.16,984.16,10984.16
593,2025-05-27 08:00:00,資金費率,AUSDT_binance_bybit,0.0,0.0,10000.0,10000.0,984.16,984.16,10984.16
594,2025-05-27 08:00:00,資金費率,ALCHUSDT_binance_bybit,0.0,0.0,10000.0,10000.0,984.16,984.16,10984.16
595,2025-05-28 08:00:00,資金費率,XCNUSDT_binance_bybit,-1.32,-0.00105374,10000.0,10000.0,984.16,982.84,10982.84
596,2025-05-28 08:00:00,資金費率,ATHUSDT_binance_bybit,0.0,0.0,10000.0,10000.0,982.84,982.84,10982.84
597,2025-05-28 08:00:00,資金費率,AUSDT_binance_bybit,0.0,0.0,10000.0,10000.0,982.84,982.84,10982.84
598,2025-05-28 08:00:00,資金費率,ALCHUSDT_binance_bybit,0.03,2.708e-05,10000.0,10000.0,982.84,982.87,10982.87
599,2025-05-28 08:00:00,離場,XCNUSDT_binance_bybit,2500.0,-,10000.0,7500.0,982.87,3482.87,10982.87
600,2025-05-28 08:00:00,離場手續費,XCNUSDT_binance_bybit,-1.75,-,7500.0,7500.0,3482.87,3481.12,10981.12
600,2025-05-28 08:00:00,進場,LAUSDT_binance_bybit,-2500.0,-,7500.0,10000.0,3481.12,981.12,10981.12
601,2025-05-28 08:00:00,進場手續費,LAUSDT_binance_bybit,-1.75,-,10000.0,10000.0,981.12,979.37,10979.37
601,2025-05-29 08:00:00,資金費率,ATHUSDT_binance_bybit,0.0,0.0,10000.0,10000.0,979.37,979.37,10979.37
602,2025-05-29 08:00:00,資金費率,AUSDT_binance_bybit,0.06,5e-05,10000.0,10000.0,979.37,979.44,10979.44
603,2025-05-29 08:00:00,資金費率,ALCHUSDT_binance_bybit,0.24,0.00019216,10000.0,10000.0,979.44,979.68,10979.68
604,2025-05-29 08:00:00,資金費率,LAUSDT_binance_bybit,0.0,0.0,10000.0,10000.0,979.68,979.68,10979.68
605,2025-05-29 08:00:00,離場,AUSDT_binance_bybit,2500.0,-,10000.0,7500.0,979.68,3479.68,10979.68
606,2025-05-29 08:00:00,離場手續費,AUSDT_binance_bybit,-1.75,-,7500.0,7500.0,3479.68,3477.93,10977.93
606,2025-05-29 08:00:00,進場,DEEPUSDT_binance_bybit,-2500.0,-,7500.0,10000.0,3477.93,977.93,10977.93
607,2025-05-29 08:00:00,進場手續費,DEEPUSDT_binance_bybit,-1.75,-,10000.0,10000.0,977.93,976.18,10976.18
607,2025-05-30 08:00:00,資金費率,ATHUSDT_binance_bybit,0.0,0.0,10000.0,10000.0,976.18,976.18,10976.18
608,2025-05-30 08:00:00,資金費率,ALCHUSDT_binance_bybit,0.18,0.00014666,10000.0,10000.0,976.18,976.36,10976.36
609,2025-05-30 08:00:00,資金費率,LAUSDT_binance_bybit,0.0,0.0,10000.0,10000.0,976.36,976.36,10976.36
610,2025-05-30 08:00:00,資金費率,DEEPUSDT_binance_bybit,-0.41,-0.00032943,10000.0,10000.0,976.36,975.95,10975.95
611,2025-05-31 08:00:00,資金費率,ATHUSDT_binance_bybit,0.0,0.0,10000.0,10000.0,975.95,975.95,10975.95
612,2025-05-31 08:00:00,資金費率,ALCHUSDT_binance_bybit,0.1,8.252e-05,10000.0,10000.0,975.95,976.05,10976.05
613,2025-05-31 08:00:00,資金費率,LAUSDT_binance_bybit,0.0,0.0,10000.0,10000.0,976.05,976.05,10976.05
614,2025-05-31 08:00:00,資金費率,DEEPUSDT_binance_bybit,-0.54,-0.00043234,10000.0,10000.0,976.05,975.51,10975.51
615,2025-06-01 08:00:00,資金費率,ATHUSDT_binance_bybit,0.12,9.951e-05,10000.0,10000.0,975.51,975.63,10975.63
616,2025-06-01 08:00:00,資金費率,ALCHUSDT_binance_bybit,0.13,0.00010277,10000.0,10000.0,975.63,975.76,10975.76
617,2025-06-01 08:00:00,資金費率,LAUSDT_binance_bybit,0.0,0.0,10000.0,10000.0,975.76,975.76,10975.76
618,2025-06-01 08:00:00,資金費率,DEEPUSDT_binance_bybit,0.05,3.933e-05,10000.0,10000.0,975.76,975.81,10975.81
619,2025-06-02 08:00:00,資金費率,ATHUSDT_binance_bybit,0.14,0.00011563,10000.0,10000.0,975.81,975.96,10975.96
620,2025-06-02 08:00:00,資金費率,ALCHUSDT_binance_bybit,0.57,0.00045604,10000.0,10000.0,975.96,976.53,10976.53
621,2025-06-02 08:00:00,資金費率,LAUSDT_binance_bybit,0.0,0.0,10000.0,10000.0,976.53,976.53,10976.53
622,2025-06-02 08:00:00,資金費率,DEEPUSDT_binance_bybit,-0.64,-0.00051157,10000.0,10000.0,976.53,975.89,10975.89
623,2025-06-03 08:00:00,資金費率,ATHUSDT_binance_bybit,0.13,0.00010624,10000.0,10000.0,975.89,976.02,10976.02
624,2025-06-03 08:00:00,資金費率,ALCHUSDT_binance_bybit,0.88,0.0007073,10000.0,10000.0,976.02,976.9,10976.9
625,2025-06-03 08:00:00,資金費率,LAUSDT_binance_bybit,0.0,0.0,10000.0,10000.0,976.9,976.9,10976.9
626,2025-06-03 08:00:00,資金費率,DEEPUSDT_binance_bybit,-1.03,-0.00082005,10000.0,10000.0,976.9,975.88,10975.88
627,2025-06-04 08:00:00,資金費率,ATHUSDT_binance_bybit,0.18,0.0001441,10000.0,10000.0,975.88,976.06,10976.06
628,2025-06-04 08:00:00,資金費率,ALCHUSDT_binance_bybit,1.26,0.00100959,10000.0,10000.0,976.06,977.32,10977.32
629,2025-06-04 08:00:00,資金費率,LAUSDT_binance_bybit,0.0,0.0,10000.0,10000.0,977.32,977.32,10977.32
630,2025-06-04 08:00:00,資金費率,DEEPUSDT_binance_bybit,0.27,0.00021904,10000.0,10000.0,977.32,977.59,10977.59
631,2025-06-05 08:00:00,資金費率,ATHUSDT_binance_bybit,0.18,0.00014466,10000.0,10000.0,977.59,977.78,10977.78
632,2025-06-05 08:00:00,資金費率,ALCHUSDT_binance_bybit,1.04,0.00083133,10000.0,10000.0,977.78,978.81,10978.81
633,2025-06-05 08:00:00,資金費率,LAUSDT_binance_bybit,0.0,0.0,10000.0,10000.0,978.81,978.81,10978.81
634,2025-06-05 08:00:00,資金費率,DEEPUSDT_binance_bybit,-0.9,-0.00072398,10000.0,10000.0,978.81,977.91,10977.91
635,2025-06-06 08:00:00,資金費率,ATHUSDT_binance_bybit,0.15,0.0001201,10000.0,10000.0,977.91,978.06,10978.06
636,2025-06-06 08:00:00,資金費率,ALCHUSDT_binance_bybit,0.26,0.00020526,10000.0,10000.0,978.06,978.32,10978.32
637,2025-06-06 08:00:00,資金費率,LAUSDT_binance_bybit,28.14,0.02250903,10000.0,10000.0,978.32,1006.45,11006.45
638,2025-06-06 08:00:00,資金費率,DEEPUSDT_binance_bybit,-0.66,-0.00052644,10000.0,10000.0,1006.45,1005.79,11005.79
639,2025-06-06 08:00:00,離場,LAUSDT_binance_bybit,2500.0,-,10000.0,7500.0,1005.79,3505.79,11005.79
640,2025-06-06 08:00:00,離場手續費,LAUSDT_binance_bybit,-1.75,-,7500.0,7500.0,3505.79,3504.04,11004.04
640,2025-06-06 08:00:00,進場,KAVAUSDT_binance_bybit,-2500.0,-,7500.0,10000.0,3504.04,1004.04,11004.04
641,2025-06-06 08:00:00,進場手續費,KAVAUSDT_binance_bybit,-1.75,-,10000.0,10000.0,1004.04,1002.29,11002.29
641,2025-06-07 08:00:00,資金費率,ATHUSDT_binance_bybit,0.0,0.0,10000.0,10000.0,1002.29,1002.29,11002.29
642,2025-06-07 08:00:00,資金費率,ALCHUSDT_binance_bybit,0.04,3.502e-05,10000.0,10000.0,1002.29,1002.34,11002.34
643,2025-06-07 08:00:00,資金費率,DEEPUSDT_binance_bybit,-0.88,-0.00070726,10000.0,10000.0,1002.34,1001.45,11001.45
644,2025-06-07 08:00:00,資金費率,KAVAUSDT_binance_bybit,-0.07,-5.211e-05,10000.0,10000.0,1001.45,1001.39,11001.39
645,2025-06-07 08:00:00,離場,DEEPUSDT_binance_bybit,2500.0,-,10000.0,7500.0,1001.39,3501.39,11001.39
646,2025-06-07 08:00:00,離場手續費,DEEPUSDT_binance_bybit,-1.75,-,7500.0,7500.0,3501.39,3499.64,10999.64
646,2025-06-07 08:00:00,進場,AAVEUSDT_binance_bybit,-2500.0,-,7500.0,10000.0,3499.64,999.64,10999.64
647,2025-06-07 08:00:00,進場手續費,AAVEUSDT_binance_bybit,-1.75,-,10000.0,10000.0,999.64,997.89,10997.89
647,2025-06-08 08:00:00,資金費率,ATHUSDT_binance_bybit,0.47,0.00037527,10000.0,10000.0,997.89,998.36,10998.36
648,2025-06-08 08:00:00,資金費率,ALCHUSDT_binance_bybit,0.0,0.0,10000.0,10000.0,998.36,998.36,10998.36
649,2025-06-08 08:00:00,資金費率,KAVAUSDT_binance_bybit,0.0,0.0,10000.0,10000.0,998.36,998.36,10998.36
650,2025-06-08 08:00:00,資金費率,AAVEUSDT_binance_bybit,-0.04,-3.043e-05,10000.0,10000.0,998.36,998.32,10998.32
651,2025-06-09 08:00:00,資金費率,ATHUSDT_binance_bybit,0.08,6.745e-05,10000.0,10000.0,998.32,998.4,10998.4
652,2025-06-09 08:00:00,資金費率,ALCHUSDT_binance_bybit,0.11,8.539e-05,10000.0,10000.0,998.4,998.51,10998.51
653,2025-06-09 08:00:00,資金費率,KAVAUSDT_binance_bybit,0.0,0.0,10000.0,10000.0,998.51,998.51,10998.51
654,2025-06-09 08:00:00,資金費率,AAVEUSDT_binance_bybit,0.1,7.613e-05,10000.0,10000.0,998.51,998.61,10998.61
655,2025-06-10 08:00:00,資金費率,ATHUSDT_binance_bybit,0.0,0.0,10000.0,10000.0,998.61,998.61,10998.61
656,2025-06-10 08:00:00,資金費率,ALCHUSDT_binance_bybit,0.27,0.00021606,10000.0,10000.0,998.61,998.88,10998.88
657,2025-06-10 08:00:00,資金費率,KAVAUSDT_binance_bybit,-0.0,-4.4e-07,10000.0,10000.0,998.88,998.88,10998.88
658,2025-06-10 08:00:00,資金費率,AAVEUSDT_binance_bybit,0.06,4.987e-05,10000.0,10000.0,998.88,998.94,10998.94
